14771,2024-01-01 00:00:00,7.051666666666667
14772,2024-01-01 01:00:00,7.071666666666666
14773,2024-01-01 02:00:00,7.0249999999999995
14774,2024-01-01 03:00:00,7.0616666666666665
14775,2024-01-01 04:00:00,7.125
14776,2024-01-01 05:00:00,7.155
14777,2024-01-01 06:00:00,7.245
14778,2024-01-01 07:00:00,7.253333333333333
14779,2024-01-01 08:00:00,7.236666666666667
14780,2024-01-01 09:00:00,7.239999999999999
14781,2024-01-01 10:00:00,7.245
14782,2024-01-01 11:00:00,7.248333333333334
14783,2024-01-01 12:00:00,7.260000000000001
14784,2024-01-01 13:00:00,7.261666666666667
14785,2024-01-01 14:00:00,7.263333333333333
14786,2024-01-01 15:00:00,7.261666666666667
14787,2024-01-01 16:00:00,7.31
14788,2024-01-01 17:00:00,7.065
14789,2024-01-01 18:00:00,7.1066666666666665
14790,2024-01-01 19:00:00,7.128333333333333
14791,2024-01-01 20:00:00,7.085
14792,2024-01-01 21:00:00,7.135000000000001
14793,2024-01-01 22:00:00,7.178333333333334
14794,2024-01-01 23:00:00,7.138333333333333
14795,2024-01-02 00:00:00,7.138333333333333
14796,2024-01-02 01:00:00,7.1816666666666675
14797,2024-01-02 02:00:00,6.916666666666667
14798,2024-01-02 03:00:00,6.926666666666667
14799,2024-01-02 04:00:00,6.9816666666666665
14800,2024-01-02 05:00:00,6.973333333333334
14801,2024-01-02 06:00:00,6.876666666666666
14802,2024-01-02 07:00:00,6.936666666666667
14803,2024-01-02 08:00:00,6.8933333333333335
14804,2024-01-02 09:00:00,6.878333333333334
14805,2024-01-02 10:00:00,6.94
14806,2024-01-02 11:00:00,7.005
14807,2024-01-02 12:00:00,6.965
14808,2024-01-02 13:00:00,7.015000000000001
14809,2024-01-02 14:00:00,7.0616666666666665
14810,2024-01-02 15:00:00,7.0633333333333335
14811,2024-01-02 16:00:00,7.101666666666667
14812,2024-01-02 17:00:00,7.133333333333333
14813,2024-01-02 18:00:00,7.1433333333333335
14814,2024-01-02 19:00:00,7.145
14815,2024-01-02 20:00:00,7.176666666666667
14816,2024-01-02 21:00:00,7.13
14817,2024-01-02 22:00:00,7.16
14818,2024-01-02 23:00:00,7.168333333333333
14819,2024-01-03 00:00:00,7.138333333333333
14820,2024-01-03 01:00:00,7.095
14821,2024-01-03 02:00:00,7.121666666666666
14822,2024-01-03 03:00:00,6.945
14823,2024-01-03 04:00:00,6.831666666666667
14824,2024-01-03 05:00:00,6.873333333333334
14825,2024-01-03 06:00:00,6.885000000000001
14826,2024-01-03 07:00:00,6.895
14827,2024-01-03 08:00:00,6.911666666666666
14828,2024-01-03 09:00:00,6.936666666666667
14829,2024-01-03 10:00:00,6.94
14830,2024-01-03 11:00:00,7.0249999999999995
14831,2024-01-03 12:00:00,7.085
14832,2024-01-03 13:00:00,7.03
14833,2024-01-03 14:00:00,6.978333333333333
14834,2024-01-03 15:00:00,6.9383333333333335
14835,2024-01-03 16:00:00,6.928333333333334
14836,2024-01-03 17:00:00,6.8933333333333335
14837,2024-01-03 18:00:00,6.8549999999999995
14838,2024-01-03 19:00:00,6.776666666666666
14839,2024-01-03 20:00:00,6.73
14840,2024-01-03 21:00:00,6.685
14841,2024-01-03 22:00:00,6.635000000000001
14842,2024-01-03 23:00:00,6.57
14843,2024-01-04 00:00:00,6.631666666666667
14844,2024-01-04 01:00:00,6.656666666666666
14845,2024-01-04 02:00:00,6.715
14846,2024-01-04 03:00:00,6.685
14847,2024-01-04 04:00:00,6.621666666666666
14848,2024-01-04 05:00:00,6.566666666666666
14849,2024-01-04 06:00:00,6.544999999999999
14850,2024-01-04 07:00:00,6.521666666666666
14851,2024-01-04 08:00:00,6.5183333333333335
14852,2024-01-04 09:00:00,6.330000000000001
14853,2024-01-04 10:00:00,5.971666666666667
14854,2024-01-04 11:00:00,6.18
14855,2024-01-04 12:00:00,6.32
14856,2024-01-04 13:00:00,6.3933333333333335
14857,2024-01-04 14:00:00,6.451666666666667
14858,2024-01-04 15:00:00,6.34
14859,2024-01-04 16:00:00,6.136666666666667
14860,2024-01-04 17:00:00,5.84
14861,2024-01-04 18:00:00,5.456666666666667
14862,2024-01-04 19:00:00,5.233333333333333
14863,2024-01-04 20:00:00,5.609999999999999
14864,2024-01-04 21:00:00,5.37
14865,2024-01-04 22:00:00,5.16
14866,2024-01-04 23:00:00,5.175
14867,2024-01-05 00:00:00,5.056666666666667
14868,2024-01-05 01:00:00,4.861666666666667
14869,2024-01-05 02:00:00,4.828333333333333
14870,2024-01-05 03:00:00,4.863333333333333
14871,2024-01-05 04:00:00,4.876666666666667
14872,2024-01-05 05:00:00,4.866666666666667
14873,2024-01-05 06:00:00,4.89
14874,2024-01-05 07:00:00,4.97
14875,2024-01-05 08:00:00,4.988333333333333
14876,2024-01-05 09:00:00,5.1000000000000005
14877,2024-01-05 10:00:00,5.316666666666666
14878,2024-01-05 11:00:00,5.445
14879,2024-01-05 12:00:00,5.338333333333334
14880,2024-01-05 13:00:00,5.301666666666667
14881,2024-01-05 14:00:00,5.6816666666666675
14882,2024-01-05 15:00:00,5.718333333333334
14883,2024-01-05 16:00:00,5.535
14884,2024-01-05 17:00:00,5.321666666666666
14885,2024-01-05 18:00:00,5.288333333333333
14886,2024-01-05 19:00:00,5.281666666666667
14887,2024-01-05 20:00:00,5.32
14888,2024-01-05 21:00:00,5.488333333333333
14889,2024-01-05 22:00:00,5.543333333333333
14890,2024-01-05 23:00:00,5.413333333333334
14891,2024-01-06 00:00:00,5.33
14892,2024-01-06 01:00:00,5.241666666666666
14893,2024-01-06 02:00:00,5.253333333333333
14894,2024-01-06 03:00:00,5.448333333333333
14895,2024-01-06 04:00:00,5.296666666666667
14896,2024-01-06 05:00:00,5.331666666666667
14897,2024-01-06 06:00:00,5.364999999999999
14898,2024-01-06 07:00:00,5.4316666666666675
14899,2024-01-06 08:00:00,5.484999999999999
14900,2024-01-06 09:00:00,5.3116666666666665
14901,2024-01-06 10:00:00,5.011666666666667
14902,2024-01-06 11:00:00,4.886666666666667
14903,2024-01-06 12:00:00,4.668333333333333
14904,2024-01-06 13:00:00,4.595
14905,2024-01-06 14:00:00,4.788333333333333
14906,2024-01-06 15:00:00,4.913333333333333
14907,2024-01-06 16:00:00,4.8116666666666665
14908,2024-01-06 17:00:00,4.743333333333333
14909,2024-01-06 18:00:00,4.73
14910,2024-01-06 19:00:00,4.6883333333333335
14911,2024-01-06 20:00:00,4.683333333333333
14912,2024-01-06 21:00:00,4.141666666666667
14913,2024-01-06 22:00:00,3.6933333333333334
14914,2024-01-06 23:00:00,3.6133333333333333
14915,2024-01-07 00:00:00,3.6316666666666664
14916,2024-01-07 01:00:00,3.626666666666667
14917,2024-01-07 02:00:00,3.5316666666666667
14918,2024-01-07 03:00:00,3.563333333333333
14919,2024-01-07 04:00:00,3.6133333333333333
14920,2024-01-07 05:00:00,3.6
14921,2024-01-07 06:00:00,3.1816666666666666
14922,2024-01-07 07:00:00,3.323333333333333
14923,2024-01-07 08:00:00,3.2516666666666665
14924,2024-01-07 09:00:00,3.1199999999999997
14925,2024-01-07 10:00:00,3.158333333333333
14926,2024-01-07 11:00:00,3.2283333333333335
14927,2024-01-07 12:00:00,3.151666666666667
14928,2024-01-07 13:00:00,3.063333333333333
14929,2024-01-07 14:00:00,3.046666666666667
14930,2024-01-07 15:00:00,3.001666666666667
14931,2024-01-07 16:00:00,3.0866666666666664
14932,2024-01-07 17:00:00,3.111666666666667
14933,2024-01-07 18:00:00,3.0866666666666664
14934,2024-01-07 19:00:00,2.8783333333333334
14935,2024-01-07 20:00:00,3.125
14936,2024-01-07 21:00:00,3.268333333333333
14937,2024-01-07 22:00:00,3.3533333333333335
14938,2024-01-07 23:00:00,3.375
14939,2024-01-08 00:00:00,3.3633333333333333
14940,2024-01-08 01:00:00,3.7266666666666666
14941,2024-01-08 02:00:00,3.813333333333333
14942,2024-01-08 03:00:00,3.6733333333333333
14943,2024-01-08 04:00:00,3.716666666666667
14944,2024-01-08 05:00:00,3.858333333333333
14945,2024-01-08 06:00:00,4.09
14946,2024-01-08 07:00:00,4.076666666666667
14947,2024-01-08 08:00:00,3.8433333333333333
14948,2024-01-08 09:00:00,3.84
14949,2024-01-08 10:00:00,3.830
14950,2024-01-08 11:00:00,3.815
14951,2024-01-08 12:00:00,3.7883333333333336
14952,2024-01-08 13:00:00,3.8216666666666668
14953,2024-01-08 14:00:00,3.8066666666666666
14954,2024-01-08 15:00:00,3.8633333333333333
14955,2024-01-08 16:00:00,3.9450000000000003
14956,2024-01-08 17:00:00,3.983333333333333
14957,2024-01-08 18:00:00,3.94
14958,2024-01-08 19:00:00,3.9166666666666665
14959,2024-01-08 20:00:00,3.971666666666667
14960,2024-01-08 21:00:00,3.973333333333333
14961,2024-01-08 22:00:00,4.413333333333333
14962,2024-01-08 23:00:00,4.496666666666667
14963,2024-01-09 00:00:00,4.46
14964,2024-01-09 01:00:00,4.3500000000000005
14965,2024-01-09 02:00:00,4.386666666666667
14966,2024-01-09 03:00:00,4.386666666666667
14967,2024-01-09 04:00:00,4.368333333333333
14968,2024-01-09 05:00:00,4.343333333333334
14969,2024-01-09 06:00:00,4.325
14970,2024-01-09 07:00:00,4.331666666666667
14971,2024-01-09 08:00:00,4.315
14972,2024-01-09 09:00:00,4.3116666666666665
14973,2024-01-09 10:00:00,4.3
14974,2024-01-09 11:00:00,4.283333333333333
14975,2024-01-09 12:00:00,4.241666666666667
14976,2024-01-09 13:00:00,4.211666666666667
14977,2024-01-09 14:00:00,4.183333333333334
14978,2024-01-09 15:00:00,4.208333333333333
14979,2024-01-09 16:00:00,4.216666666666666
14980,2024-01-09 17:00:00,4.2
14981,2024-01-09 18:00:00,4.176666666666667
14982,2024-01-09 19:00:00,4.1049999999999995
14983,2024-01-09 20:00:00,4.081666666666667
14984,2024-01-09 21:00:00,4.083333333333333
14985,2024-01-09 22:00:00,4.1066666666666665
14986,2024-01-09 23:00:00,4.115
14987,2024-01-10 00:00:00,4.133333333333333
14988,2024-01-10 01:00:00,4.128333333333333
14989,2024-01-10 02:00:00,4.12
14990,2024-01-10 03:00:00,4.158333333333333
14991,2024-01-10 04:00:00,4.183333333333334
14992,2024-01-10 05:00:00,4.221666666666667
14993,2024-01-10 06:00:00,4.198333333333333
14994,2024-01-10 07:00:00,4.221666666666667
14995,2024-01-10 08:00:00,4.2700000000000005
14996,2024-01-10 09:00:00,4.323333333333333
14997,2024-01-10 10:00:00,4.413333333333333
14998,2024-01-10 11:00:00,4.585
14999,2024-01-10 12:00:00,4.788333333333333
15000,2024-01-10 13:00:00,4.911666666666666
15001,2024-01-10 14:00:00,4.8116666666666665
15002,2024-01-10 15:00:00,4.525
15003,2024-01-10 16:00:00,4.54
15004,2024-01-10 17:00:00,4.510000000000001
15005,2024-01-10 18:00:00,4.413333333333333
15006,2024-01-10 19:00:00,4.413333333333333
15007,2024-01-10 20:00:00,4.42
15008,2024-01-10 21:00:00,4.443333333333333
15009,2024-01-10 22:00:00,4.435
15010,2024-01-10 23:00:00,4.46
15011,2024-01-11 00:00:00,4.528333333333333
15012,2024-01-11 01:00:00,4.613333333333333
15013,2024-01-11 02:00:00,4.685
15014,2024-01-11 03:00:00,4.733333333333333
15015,2024-01-11 04:00:00,4.766666666666667
15016,2024-01-11 05:00:00,4.821666666666666
15017,2024-01-11 06:00:00,4.821666666666666
15018,2024-01-11 07:00:00,4.825
15019,2024-01-11 08:00:00,4.676666666666667
15020,2024-01-11 09:00:00,4.633333333333334
15021,2024-01-11 10:00:00,4.631666666666667
15022,2024-01-11 11:00:00,4.6883333333333335
15023,2024-01-11 12:00:00,4.7683333333333335
15024,2024-01-11 13:00:00,4.821666666666666
15025,2024-01-11 14:00:00,4.84
15026,2024-01-11 15:00:00,4.825
15027,2024-01-11 16:00:00,4.838333333333334
15028,2024-01-11 17:00:00,4.835
15029,2024-01-11 18:00:00,4.833333333333333
15030,2024-01-11 19:00:00,4.848333333333334
15031,2024-01-11 20:00:00,4.848333333333334
15032,2024-01-11 21:00:00,4.831666666666667
15033,2024-01-11 22:00:00,4.835
15034,2024-01-11 23:00:00,4.833333333333333
15035,2024-01-12 00:00:00,4.84
15036,2024-01-12 01:00:00,4.941666666666666
15037,2024-01-12 02:00:00,5.023333333333333
15038,2024-01-12 03:00:00,5.283333333333333
15039,2024-01-12 04:00:00,5.361666666666667
15040,2024-01-12 05:00:00,5.416666666666667
15041,2024-01-12 06:00:00,5.045
15042,2024-01-12 07:00:00,4.9750000000000005
15043,2024-01-12 08:00:00,5.036666666666666
15044,2024-01-12 09:00:00,5.113333333333333
15045,2024-01-12 10:00:00,5.18
15046,2024-01-12 11:00:00,5.26
15047,2024-01-12 12:00:00,5.31
15048,2024-01-12 13:00:00,5.669999999999999
15049,2024-01-12 14:00:00,5.7683333333333335
15050,2024-01-12 15:00:00,5.7749999999999995
15051,2024-01-12 16:00:00,5.62
15052,2024-01-12 17:00:00,5.46
15053,2024-01-12 18:00:00,5.2
15054,2024-01-12 19:00:00,5.105
15055,2024-01-12 20:00:00,5.068333333333333
15056,2024-01-12 21:00:00,5.008333333333333
15057,2024-01-12 22:00:00,4.995
15058,2024-01-12 23:00:00,4.991666666666667
15059,2024-01-13 00:00:00,5.1049999999999995
15060,2024-01-13 01:00:00,5.156666666666666
15061,2024-01-13 02:00:00,5.273333333333333
15062,2024-01-13 03:00:00,5.418333333333334
15063,2024-01-13 04:00:00,5.478333333333333
15064,2024-01-13 05:00:00,5.53
15065,2024-01-13 06:00:00,5.723333333333334
15066,2024-01-13 07:00:00,5.77
15067,2024-01-13 08:00:00,5.745
15068,2024-01-13 09:00:00,5.760000000000001
15069,2024-01-13 10:00:00,5.760000000000001
15070,2024-01-13 11:00:00,5.776666666666666
15071,2024-01-13 12:00:00,5.78
15072,2024-01-13 13:00:00,5.760000000000001
15073,2024-01-13 14:00:00,5.761666666666667
15074,2024-01-13 15:00:00,5.815
15075,2024-01-13 16:00:00,5.8999999999999995
15076,2024-01-13 17:00:00,5.718333333333334
15077,2024-01-13 18:00:00,5.656666666666666
15078,2024-01-13 19:00:00,5.625
15079,2024-01-13 20:00:00,5.628333333333333
15080,2024-01-13 21:00:00,5.653333333333333
15081,2024-01-13 22:00:00,5.673333333333333
15082,2024-01-13 23:00:00,5.609999999999999
15083,2024-01-14 00:00:00,5.591666666666666
15084,2024-01-14 01:00:00,5.756666666666667
15085,2024-01-14 02:00:00,5.794999999999999
15086,2024-01-14 03:00:00,5.786666666666666
15087,2024-01-14 04:00:00,5.670000000000001
15088,2024-01-14 05:00:00,5.568333333333334
15089,2024-01-14 06:00:00,5.551666666666667
15090,2024-01-14 07:00:00,5.5249999999999995
15091,2024-01-14 08:00:00,5.533333333333334
15092,2024-01-14 09:00:00,5.451666666666667
15093,2024-01-14 10:00:00,5.535
15094,2024-01-14 11:00:00,5.46
15095,2024-01-14 12:00:00,5.463333333333334
15096,2024-01-14 13:00:00,5.568333333333334
15097,2024-01-14 14:00:00,5.625
15098,2024-01-14 15:00:00,5.47
15099,2024-01-14 16:00:00,5.336666666666667
15100,2024-01-14 17:00:00,5.108333333333333
15101,2024-01-14 18:00:00,4.996666666666667
15102,2024-01-14 19:00:00,5.2683333333333335
15103,2024-01-14 20:00:00,5.125
15104,2024-01-14 21:00:00,4.928333333333334
15105,2024-01-14 22:00:00,4.976666666666667
15106,2024-01-14 23:00:00,4.9799999999999995
15107,2024-01-15 00:00:00,5.24
15108,2024-01-15 01:00:00,5.2749999999999995
15109,2024-01-15 02:00:00,5.37
15110,2024-01-15 03:00:00,5.4750000000000005
15111,2024-01-15 04:00:00,5.386666666666667
15112,2024-01-15 05:00:00,5.38
15113,2024-01-15 06:00:00,5.211666666666667
15114,2024-01-15 07:00:00,5.253333333333333
15115,2024-01-15 08:00:00,5.355
15116,2024-01-15 09:00:00,5.146666666666667
15117,2024-01-15 10:00:00,4.435
15118,2024-01-15 11:00:00,4.821666666666666
15119,2024-01-15 12:00:00,5.413333333333334
15120,2024-01-15 13:00:00,5.118333333333333
15121,2024-01-15 14:00:00,5.441666666666666
15122,2024-01-15 15:00:00,5.4750000000000005
15123,2024-01-15 16:00:00,5.101666666666667
15124,2024-01-15 17:00:00,4.801666666666667
15125,2024-01-15 18:00:00,4.738333333333333
15126,2024-01-15 19:00:00,5.0200000000000005
15127,2024-01-15 20:00:00,5.221666666666667
15128,2024-01-15 21:00:00,5.328333333333333
15129,2024-01-15 22:00:00,5.44
15130,2024-01-15 23:00:00,5.501666666666666
15131,2024-01-16 00:00:00,5.4433333333333325
15132,2024-01-16 01:00:00,5.24
15133,2024-01-16 02:00:00,5.038333333333333
15134,2024-01-16 03:00:00,4.223333333333334
15135,2024-01-16 04:00:00,3.516666666666667
15136,2024-01-16 05:00:00,3.8466666666666662
15137,2024-01-16 06:00:00,3.6183333333333336
15138,2024-01-16 07:00:00,3.73
15139,2024-01-16 08:00:00,4.086666666666667
15140,2024-01-16 09:00:00,3.9783333333333335
15141,2024-01-16 10:00:00,3.215
15142,2024-01-16 11:00:00,3.1466666666666665
15143,2024-01-16 12:00:00,3.1950000000000003
15144,2024-01-16 13:00:00,3.1533333333333338
15145,2024-01-16 14:00:00,3.138333333333333
15146,2024-01-16 15:00:00,3.033333333333333
15147,2024-01-16 16:00:00,3.0766666666666667
15148,2024-01-16 17:00:00,3.1216666666666666
15149,2024-01-16 18:00:00,3.2100000000000004
15150,2024-01-16 19:00:00,3.2083333333333335
15151,2024-01-16 20:00:00,3.275
15152,2024-01-16 21:00:00,3.356666666666667
15153,2024-01-16 22:00:00,3.28
15154,2024-01-16 23:00:00,3.2216666666666662
15155,2024-01-17 00:00:00,3.0833333333333335
15156,2024-01-17 01:00:00,3.1199999999999997
15157,2024-01-17 02:00:00,3.266666666666667
15158,2024-01-17 03:00:00,3.56
15159,2024-01-17 04:00:00,3.313333333333333
15160,2024-01-17 05:00:00,3.1300000000000003
15161,2024-01-17 06:00:00,3.1816666666666666
15162,2024-01-17 07:00:00,3.2266666666666666
15163,2024-01-17 08:00:00,3.3433333333333333
15164,2024-01-17 09:00:00,3.36
15165,2024-01-17 10:00:00,3.295
15166,2024-01-17 11:00:00,3.655
15167,2024-01-17 12:00:00,3.91
15168,2024-01-17 13:00:00,3.9466666666666668
15169,2024-01-17 14:00:00,4.593333333333334
15170,2024-01-17 15:00:00,4.465
15171,2024-01-17 16:00:00,3.765
15172,2024-01-17 17:00:00,3.4599999999999995
15173,2024-01-17 18:00:00,3.815
15174,2024-01-17 19:00:00,4.11
15175,2024-01-17 20:00:00,4.253333333333333
15176,2024-01-17 21:00:00,4.543333333333333
15177,2024-01-17 22:00:00,4.628333333333333
15178,2024-01-17 23:00:00,4.77
15179,2024-01-18 00:00:00,4.95
15180,2024-01-18 01:00:00,4.973333333333334
15181,2024-01-18 02:00:00,4.985
15182,2024-01-18 03:00:00,4.998333333333334
15183,2024-01-18 04:00:00,4.99
15184,2024-01-18 05:00:00,4.891666666666667
15185,2024-01-18 06:00:00,4.93
15186,2024-01-18 07:00:00,4.956666666666667
15187,2024-01-18 08:00:00,4.991666666666666
15188,2024-01-18 09:00:00,5.036666666666666
15189,2024-01-18 10:00:00,4.888333333333334
15190,2024-01-18 11:00:00,4.7700000000000005
15191,2024-01-18 12:00:00,4.201666666666667
15192,2024-01-18 13:00:00,4.031666666666666
15193,2024-01-18 14:00:00,3.9266666666666663
15194,2024-01-18 15:00:00,3.2583333333333333
15195,2024-01-18 16:00:00,2.645
15196,2024-01-18 17:00:00,3.2550000000000003
15197,2024-01-18 18:00:00,2.765
15198,2024-01-18 19:00:00,2.9250000000000003
15199,2024-01-18 20:00:00,2.81
15200,2024-01-18 21:00:00,3.081666666666667
15201,2024-01-18 22:00:00,3.49
15202,2024-01-18 23:00:00,3.4749999999999996
15203,2024-01-19 00:00:00,3.3183333333333334
15204,2024-01-19 01:00:00,3.3883333333333336
15205,2024-01-19 02:00:00,3.595
15206,2024-01-19 03:00:00,3.52
15207,2024-01-19 04:00:00,3.355
15208,2024-01-19 05:00:00,3.215
15209,2024-01-19 06:00:00,4.1499999999999995
15210,2024-01-19 07:00:00,4.035
15211,2024-01-19 08:00:00,3.7550000000000003
15212,2024-01-19 09:00:00,3.5483333333333333
15213,2024-01-19 10:00:00,3.39
15214,2024-01-19 11:00:00,3.3633333333333333
15215,2024-01-19 12:00:00,3.9450000000000003
15216,2024-01-19 13:00:00,4.358333333333333
15217,2024-01-19 14:00:00,4.33
15218,2024-01-19 15:00:00,4.465
15219,2024-01-19 16:00:00,4.64
15220,2024-01-19 17:00:00,4.633333333333334
15221,2024-01-19 18:00:00,4.255
15222,2024-01-19 19:00:00,4.121666666666667
15223,2024-01-19 20:00:00,4.131666666666667
15224,2024-01-19 21:00:00,4.243333333333333
15225,2024-01-19 22:00:00,4.293333333333333
15226,2024-01-19 23:00:00,3.7883333333333336
15227,2024-01-20 00:00:00,4.031666666666667
15228,2024-01-20 01:00:00,3.92
15229,2024-01-20 02:00:00,2.9283333333333332
15230,2024-01-20 03:00:00,2.723333333333333
15231,2024-01-20 04:00:00,2.6783333333333332
15232,2024-01-20 05:00:00,1.95
15233,2024-01-20 06:00:00,1.3633333333333333
15234,2024-01-20 07:00:00,1.5
15235,2024-01-20 08:00:00,1.7750000000000001
15236,2024-01-20 09:00:00,1.6600000000000001
15237,2024-01-20 10:00:00,2.731666666666667
15238,2024-01-20 11:00:00,1.1166666666666667
15239,2024-01-20 12:00:00,1.3433333333333335
15240,2024-01-20 13:00:00,1.8499999999999999
15241,2024-01-20 14:00:00,1.9933333333333332
15242,2024-01-20 15:00:00,2.76
15243,2024-01-20 16:00:00,2.526666666666667
15244,2024-01-20 17:00:00,2.72
15245,2024-01-20 18:00:00,3.39
15246,2024-01-20 19:00:00,3.375
15247,2024-01-20 20:00:00,2.855
15248,2024-01-20 21:00:00,2.875
15249,2024-01-20 22:00:00,2.8516666666666666
15250,2024-01-20 23:00:00,3.4766666666666666
15251,2024-01-21 00:00:00,3.9283333333333332
15252,2024-01-21 01:00:00,3.2483333333333335
15253,2024-01-21 02:00:00,3.651666666666667
15254,2024-01-21 03:00:00,3.395
15255,2024-01-21 04:00:00,3.078333333333333
15256,2024-01-21 05:00:00,2.9683333333333333
15257,2024-01-21 06:00:00,3.25
15258,2024-01-21 07:00:00,3.94
15259,2024-01-21 08:00:00,4.286666666666666
15260,2024-01-21 09:00:00,3.69
15261,2024-01-21 10:00:00,3.49
15262,2024-01-21 11:00:00,3.6983333333333337
15263,2024-01-21 12:00:00,4.051666666666667
15264,2024-01-21 13:00:00,4.701666666666667
15265,2024-01-21 14:00:00,5.353333333333334
15266,2024-01-21 15:00:00,5.72
15267,2024-01-21 16:00:00,5.7749999999999995
15268,2024-01-21 17:00:00,5.758333333333333
15269,2024-01-21 18:00:00,5.614999999999999
15270,2024-01-21 19:00:00,5.698333333333333
15271,2024-01-21 20:00:00,5.811666666666667
15272,2024-01-21 21:00:00,4.658333333333333
15273,2024-01-21 22:00:00,3.888333333333333
15274,2024-01-21 23:00:00,3.876666666666667
15275,2024-01-22 00:00:00,3.205
15276,2024-01-22 01:00:00,3.026666666666667
15277,2024-01-22 02:00:00,3.0316666666666663
15278,2024-01-22 03:00:00,3.1183333333333336
15279,2024-01-22 04:00:00,3.1133333333333333
15280,2024-01-22 05:00:00,3.4
15281,2024-01-22 06:00:00,4.073333333333333
15282,2024-01-22 07:00:00,4.875
15283,2024-01-22 08:00:00,5.261666666666667
15284,2024-01-22 09:00:00,5.368333333333333
15285,2024-01-22 10:00:00,5.488333333333333
15286,2024-01-22 11:00:00,5.625
15287,2024-01-22 12:00:00,5.721666666666667
15288,2024-01-22 13:00:00,5.805
15289,2024-01-22 14:00:00,5.821666666666666
15290,2024-01-22 15:00:00,5.706666666666667
15291,2024-01-22 16:00:00,5.6883333333333335
15292,2024-01-22 17:00:00,5.4816666666666665
15293,2024-01-22 18:00:00,3.9299999999999997
15294,2024-01-22 19:00:00,3.7866666666666666
15295,2024-01-22 20:00:00,3.7566666666666664
15296,2024-01-22 21:00:00,4.278333333333333
15297,2024-01-22 22:00:00,4.9383333333333335
15298,2024-01-22 23:00:00,4.613333333333333
15299,2024-01-23 00:00:00,3.9149999999999996
15300,2024-01-23 01:00:00,3.6999999999999997
15301,2024-01-23 02:00:00,3.703333333333333
15302,2024-01-23 03:00:00,3.671666666666667
15303,2024-01-23 04:00:00,3.5666666666666664
15304,2024-01-23 05:00:00,3.5033333333333334
15305,2024-01-23 06:00:00,3.61
15306,2024-01-23 07:00:00,3.7566666666666664
15307,2024-01-23 08:00:00,3.9316666666666666
15308,2024-01-23 09:00:00,3.9916666666666667
15309,2024-01-23 10:00:00,3.975
15310,2024-01-23 11:00:00,3.9466666666666668
15311,2024-01-23 12:00:00,3.9516666666666667
15312,2024-01-23 13:00:00,3.9683333333333337
15313,2024-01-23 14:00:00,3.985
15314,2024-01-23 15:00:00,4.006666666666667
15315,2024-01-23 16:00:00,4.046666666666666
15316,2024-01-23 17:00:00,4.043333333333333
15317,2024-01-23 18:00:00,4.041666666666667
15318,2024-01-23 19:00:00,4.045
15319,2024-01-23 20:00:00,4.0216666666666665
15320,2024-01-23 21:00:00,3.9933333333333336
15321,2024-01-23 22:00:00,3.831666666666667
15322,2024-01-23 23:00:00,3.605
15323,2024-01-24 00:00:00,3.733333333333333
15324,2024-01-24 01:00:00,3.8033333333333332
15325,2024-01-24 02:00:00,3.8699999999999997
15326,2024-01-24 03:00:00,3.8699999999999997
15327,2024-01-24 04:00:00,3.926666666666667
15328,2024-01-24 05:00:00,3.936666666666667
15329,2024-01-24 06:00:00,3.981666666666667
15330,2024-01-24 07:00:00,4.0
15331,2024-01-24 08:00:00,3.9766666666666666
15332,2024-01-24 09:00:00,4.015
15333,2024-01-24 10:00:00,3.985
15334,2024-01-24 11:00:00,3.9883333333333333
15335,2024-01-24 12:00:00,3.9500000000000006
15336,2024-01-24 13:00:00,3.9516666666666667
15337,2024-01-24 14:00:00,4.114999999999999
15338,2024-01-24 15:00:00,4.166666666666667
15339,2024-01-24 16:00:00,4.096666666666667
15340,2024-01-24 17:00:00,4.008333333333334
15341,2024-01-24 18:00:00,4.033333333333333
15342,2024-01-24 19:00:00,4.036666666666666
15343,2024-01-24 20:00:00,4.026666666666666
15344,2024-01-24 21:00:00,4.02
15345,2024-01-24 22:00:00,4.006666666666667
15346,2024-01-24 23:00:00,3.9949999999999997
15347,2024-01-25 00:00:00,4.048333333333333
15348,2024-01-25 01:00:00,3.9483333333333337
15349,2024-01-25 02:00:00,3.9316666666666666
15350,2024-01-25 03:00:00,4.008333333333334
15351,2024-01-25 04:00:00,4.066666666666666
15352,2024-01-25 05:00:00,4.013333333333333
15353,2024-01-25 06:00:00,3.9283333333333332
15354,2024-01-25 07:00:00,3.855
15355,2024-01-25 08:00:00,3.8433333333333333
15356,2024-01-25 09:00:00,3.8683333333333336
15357,2024-01-25 10:00:00,3.9333333333333336
15358,2024-01-25 11:00:00,3.9250000000000003
15359,2024-01-25 12:00:00,3.9133333333333336
15360,2024-01-25 13:00:00,3.9233333333333333
15361,2024-01-25 14:00:00,3.9283333333333332
15362,2024-01-25 15:00:00,3.9033333333333338
15363,2024-01-25 16:00:00,3.9
15364,2024-01-25 17:00:00,3.8649999999999998
15365,2024-01-25 18:00:00,3.845
15366,2024-01-25 19:00:00,3.8466666666666662
15367,2024-01-25 20:00:00,3.901666666666667
15368,2024-01-25 21:00:00,3.9150000000000005
15369,2024-01-25 22:00:00,3.8366666666666664
15370,2024-01-25 23:00:00,3.775
15371,2024-01-26 00:00:00,3.7866666666666666
15372,2024-01-26 01:00:00,3.7016666666666667
15373,2024-01-26 02:00:00,3.7216666666666662
15374,2024-01-26 03:00:00,3.7883333333333336
15375,2024-01-26 04:00:00,3.8049999999999997
15376,2024-01-26 05:00:00,3.91
15377,2024-01-26 06:00:00,3.955
15378,2024-01-26 07:00:00,3.981666666666667
15379,2024-01-26 08:00:00,3.9933333333333336
15380,2024-01-26 09:00:00,4.015
15381,2024-01-26 10:00:00,4.005
15382,2024-01-26 11:00:00,4.005
15383,2024-01-26 12:00:00,4.01
15384,2024-01-26 13:00:00,4.01
15385,2024-01-26 14:00:00,4.035
15386,2024-01-26 15:00:00,4.098333333333334
15387,2024-01-26 16:00:00,4.1433333333333335
15388,2024-01-26 17:00:00,4.123333333333333
15389,2024-01-26 18:00:00,4.09
15390,2024-01-26 19:00:00,4.038333333333333
15391,2024-01-26 20:00:00,4.083333333333333
15392,2024-01-26 21:00:00,4.108333333333333
15393,2024-01-26 22:00:00,4.058333333333334
15394,2024-01-26 23:00:00,4.02
15395,2024-01-27 00:00:00,4.035
15396,2024-01-27 01:00:00,4.045
15397,2024-01-27 02:00:00,4.0616666666666665
15398,2024-01-27 03:00:00,4.065
15399,2024-01-27 04:00:00,4.098333333333334
15400,2024-01-27 05:00:00,4.126666666666666
15401,2024-01-27 06:00:00,4.13
15402,2024-01-27 07:00:00,4.13
15403,2024-01-27 08:00:00,4.081666666666667
15404,2024-01-27 09:00:00,3.9783333333333335
15405,2024-01-27 10:00:00,4.003333333333333
15406,2024-01-27 11:00:00,4.053333333333334
15407,2024-01-27 12:00:00,4.07
15408,2024-01-27 13:00:00,4.068333333333333
15409,2024-01-27 14:00:00,4.075
15410,2024-01-27 15:00:00,4.073333333333333
15411,2024-01-27 16:00:00,4.096666666666667
15412,2024-01-27 17:00:00,4.085
15413,2024-01-27 18:00:00,4.065
15414,2024-01-27 19:00:00,4.051666666666667
15415,2024-01-27 20:00:00,4.035
15416,2024-01-27 21:00:00,4.07
15417,2024-01-27 22:00:00,4.09
15418,2024-01-27 23:00:00,4.008333333333334
15419,2024-01-28 00:00:00,4.043333333333333
15420,2024-01-28 01:00:00,4.133333333333334
15421,2024-01-28 02:00:00,4.156666666666667
15422,2024-01-28 03:00:00,4.153333333333333
15423,2024-01-28 04:00:00,4.128333333333333
15424,2024-01-28 05:00:00,4.086666666666667
15425,2024-01-28 06:00:00,4.06
15426,2024-01-28 07:00:00,4.068333333333333
15427,2024-01-28 08:00:00,4.0616666666666665
15428,2024-01-28 09:00:00,4.058333333333333
15429,2024-01-28 10:00:00,4.0616666666666665
15430,2024-01-28 11:00:00,3.9899999999999998
15431,2024-01-28 12:00:00,4.02
15432,2024-01-28 13:00:00,4.03
15433,2024-01-28 14:00:00,4.058333333333333
15434,2024-01-28 15:00:00,4.073333333333333
15435,2024-01-28 16:00:00,4.085
15436,2024-01-28 17:00:00,4.11
15437,2024-01-28 18:00:00,4.133333333333333
15438,2024-01-28 19:00:00,4.14
15439,2024-01-28 20:00:00,4.15
15440,2024-01-28 21:00:00,4.156666666666667
15441,2024-01-28 22:00:00,4.1466666666666665
15442,2024-01-28 23:00:00,4.166666666666667
15443,2024-01-29 00:00:00,4.21
15444,2024-01-29 01:00:00,4.236666666666667
15445,2024-01-29 02:00:00,4.258333333333334
15446,2024-01-29 03:00:00,4.251666666666666
15447,2024-01-29 04:00:00,4.296666666666667
15448,2024-01-29 05:00:00,4.2749999999999995
15449,2024-01-29 06:00:00,4.261666666666667
15450,2024-01-29 07:00:00,4.25
15451,2024-01-29 08:00:00,4.245
15452,2024-01-29 09:00:00,4.321666666666666
15453,2024-01-29 10:00:00,4.37
15454,2024-01-29 11:00:00,4.401666666666666
15455,2024-01-29 12:00:00,4.5616666666666665
15456,2024-01-29 13:00:00,4.663333333333333
15457,2024-01-29 14:00:00,4.695
15458,2024-01-29 15:00:00,4.666666666666667
15459,2024-01-29 16:00:00,4.591666666666667
15460,2024-01-29 17:00:00,4.536666666666666
15461,2024-01-29 18:00:00,4.5
15462,2024-01-29 19:00:00,4.415
15463,2024-01-29 20:00:00,4.36
15464,2024-01-29 21:00:00,4.3950000000000005
15465,2024-01-29 22:00:00,4.375
15466,2024-01-29 23:00:00,4.373333333333334
15467,2024-01-30 00:00:00,4.34
15468,2024-01-30 01:00:00,4.336666666666667
15469,2024-01-30 02:00:00,4.343333333333334
15470,2024-01-30 03:00:00,4.388333333333333
15471,2024-01-30 04:00:00,4.3933333333333335
15472,2024-01-30 05:00:00,4.385
15473,2024-01-30 06:00:00,4.373333333333334
15474,2024-01-30 07:00:00,4.351666666666667
15475,2024-01-30 08:00:00,4.323333333333333
15476,2024-01-30 09:00:00,4.323333333333333
15477,2024-01-30 10:00:00,4.33
15478,2024-01-30 11:00:00,4.32
15479,2024-01-30 12:00:00,4.285
15480,2024-01-30 13:00:00,4.331666666666667
15481,2024-01-30 14:00:00,4.4783333333333335
15482,2024-01-30 15:00:00,4.266666666666667
15483,2024-01-30 16:00:00,4.1499999999999995
15484,2024-01-30 17:00:00,4.185
15485,2024-01-30 18:00:00,4.195
15486,2024-01-30 19:00:00,4.180000000000001
15487,2024-01-30 20:00:00,4.163333333333333
15488,2024-01-30 21:00:00,4.176666666666667
15489,2024-01-30 22:00:00,4.181666666666667
15490,2024-01-30 23:00:00,4.155
15491,2024-01-31 00:00:00,4.04
15492,2024-01-31 01:00:00,4.008333333333333
15493,2024-01-31 02:00:00,4.026666666666666
15494,2024-01-31 03:00:00,4.026666666666666
15495,2024-01-31 04:00:00,4.183333333333334
15496,2024-01-31 05:00:00,4.338333333333334
15497,2024-01-31 06:00:00,4.386666666666667
15498,2024-01-31 07:00:00,4.196666666666666
15499,2024-01-31 08:00:00,4.09
15500,2024-01-31 09:00:00,4.255
15501,2024-01-31 10:00:00,4.211666666666667
15502,2024-01-31 11:00:00,4.136666666666667
15503,2024-01-31 12:00:00,4.1450000000000005
15504,2024-01-31 13:00:00,4.238333333333333
15505,2024-01-31 14:00:00,4.296666666666667
15506,2024-01-31 15:00:00,4.486666666666667
15507,2024-01-31 16:00:00,4.583333333333333
15508,2024-01-31 17:00:00,4.636666666666667
15509,2024-01-31 18:00:00,4.676666666666667
15510,2024-01-31 19:00:00,4.738333333333333
15511,2024-01-31 20:00:00,4.816666666666666
15512,2024-01-31 21:00:00,4.864999999999999
15513,2024-01-31 22:00:00,5.016666666666667
15514,2024-01-31 23:00:00,4.955
15515,2024-02-01 00:00:00,4.923333333333333
15516,2024-02-01 01:00:00,5.013333333333333
15517,2024-02-01 02:00:00,5.111666666666666
15518,2024-02-01 03:00:00,5.281666666666666
15519,2024-02-01 04:00:00,5.508333333333333
15520,2024-02-01 05:00:00,5.510000000000001
15521,2024-02-01 06:00:00,5.473333333333334
15522,2024-02-01 07:00:00,5.4816666666666665
15523,2024-02-01 08:00:00,5.485
15524,2024-02-01 09:00:00,5.471666666666667
15525,2024-02-01 10:00:00,5.466666666666666
15526,2024-02-01 11:00:00,5.466666666666666
15527,2024-02-01 12:00:00,5.45
15528,2024-02-01 13:00:00,5.4383333333333335
15529,2024-02-01 14:00:00,5.426666666666667
15530,2024-02-01 15:00:00,5.398333333333333
15531,2024-02-01 16:00:00,5.383333333333333
15532,2024-02-01 17:00:00,5.371666666666667
15533,2024-02-01 18:00:00,5.3566666666666665
15534,2024-02-01 19:00:00,5.355
15535,2024-02-01 20:00:00,5.368333333333333
15536,2024-02-01 21:00:00,5.345
15537,2024-02-01 22:00:00,5.32
15538,2024-02-01 23:00:00,5.32
15539,2024-02-02 00:00:00,5.305
15540,2024-02-02 01:00:00,5.266666666666667
15541,2024-02-02 02:00:00,5.226666666666667
15542,2024-02-02 03:00:00,5.163333333333333
15543,2024-02-02 04:00:00,5.163333333333333
15544,2024-02-02 05:00:00,5.133333333333334
15545,2024-02-02 06:00:00,5.108333333333333
15546,2024-02-02 07:00:00,5.051666666666667
15547,2024-02-02 08:00:00,5.05
15548,2024-02-02 09:00:00,5.113333333333333
15549,2024-02-02 10:00:00,5.15
15550,2024-02-02 11:00:00,5.185
15551,2024-02-02 12:00:00,5.175
15552,2024-02-02 13:00:00,5.165
15553,2024-02-02 14:00:00,5.176666666666667
15554,2024-02-02 15:00:00,5.258333333333333
15555,2024-02-02 16:00:00,5.283333333333333
15556,2024-02-02 17:00:00,5.375
15557,2024-02-02 18:00:00,5.403333333333333
15558,2024-02-02 19:00:00,5.39
15559,2024-02-02 20:00:00,5.416666666666667
15560,2024-02-02 21:00:00,5.418333333333333
15561,2024-02-02 22:00:00,5.441666666666666
15562,2024-02-02 23:00:00,5.495
15563,2024-02-03 00:00:00,5.533333333333334
15564,2024-02-03 01:00:00,5.565
15565,2024-02-03 02:00:00,5.581666666666667
15566,2024-02-03 03:00:00,5.578333333333333
15567,2024-02-03 04:00:00,5.573333333333333
15568,2024-02-03 05:00:00,5.57
15569,2024-02-03 06:00:00,5.541666666666667
15570,2024-02-03 07:00:00,5.555
15571,2024-02-03 08:00:00,5.568333333333334
15572,2024-02-03 09:00:00,5.580000000000001
15573,2024-02-03 10:00:00,5.59
15574,2024-02-03 11:00:00,5.505
15575,2024-02-03 12:00:00,5.453333333333333
15576,2024-02-03 13:00:00,5.460000000000001
15577,2024-02-03 14:00:00,5.515
15578,2024-02-03 15:00:00,5.573333333333333
15579,2024-02-03 16:00:00,5.62
15580,2024-02-03 17:00:00,5.638333333333333
15581,2024-02-03 18:00:00,5.653333333333333
15582,2024-02-03 19:00:00,5.665
15583,2024-02-03 20:00:00,5.66
15584,2024-02-03 21:00:00,5.631666666666667
15585,2024-02-03 22:00:00,5.591666666666666
15586,2024-02-03 23:00:00,5.580000000000001
15587,2024-02-04 00:00:00,5.578333333333333
15588,2024-02-04 01:00:00,5.575
15589,2024-02-04 02:00:00,5.605
15590,2024-02-04 03:00:00,5.631666666666667
15591,2024-02-04 04:00:00,5.641666666666667
15592,2024-02-04 05:00:00,5.598333333333334
15593,2024-02-04 06:00:00,5.521666666666667
15594,2024-02-04 07:00:00,5.473333333333334
15595,2024-02-04 08:00:00,5.468333333333334
15596,2024-02-04 09:00:00,5.476666666666667
15597,2024-02-04 10:00:00,5.48
15598,2024-02-04 11:00:00,5.478333333333334
15599,2024-02-04 12:00:00,5.458333333333333
15600,2024-02-04 13:00:00,5.455000000000001
15601,2024-02-04 14:00:00,5.445
15602,2024-02-04 15:00:00,5.423333333333333
15603,2024-02-04 16:00:00,5.41
15604,2024-02-04 17:00:00,5.2683333333333335
15605,2024-02-04 18:00:00,5.023333333333333
15606,2024-02-04 19:00:00,5.01
15607,2024-02-04 20:00:00,5.091666666666666
15608,2024-02-04 21:00:00,5.153333333333333
15609,2024-02-04 22:00:00,5.216666666666667
15610,2024-02-04 23:00:00,5.223333333333334
15611,2024-02-05 00:00:00,5.148333333333333
15612,2024-02-05 01:00:00,5.193333333333333
15613,2024-02-05 02:00:00,5.218333333333334
15614,2024-02-05 03:00:00,5.278333333333333
15615,2024-02-05 04:00:00,5.363333333333333
15616,2024-02-05 05:00:00,5.418333333333334
15617,2024-02-05 06:00:00,5.558333333333334
15618,2024-02-05 07:00:00,5.418333333333333
15619,2024-02-05 08:00:00,5.383333333333333
15620,2024-02-05 09:00:00,5.531666666666666
15621,2024-02-05 10:00:00,5.553333333333334
15622,2024-02-05 11:00:00,5.505
15623,2024-02-05 12:00:00,5.585
15624,2024-02-05 13:00:00,5.598333333333333
15625,2024-02-05 14:00:00,5.539999999999999
15626,2024-02-05 15:00:00,5.495
15627,2024-02-05 16:00:00,5.486666666666667
15628,2024-02-05 17:00:00,5.390000000000001
15629,2024-02-05 18:00:00,5.3
15630,2024-02-05 19:00:00,5.246666666666667
15631,2024-02-05 20:00:00,5.266666666666667
15632,2024-02-05 21:00:00,5.148333333333333
15633,2024-02-05 22:00:00,5.126666666666666
15634,2024-02-05 23:00:00,5.11
15635,2024-02-06 00:00:00,5.046666666666667
15636,2024-02-06 01:00:00,5.148333333333333
15637,2024-02-06 02:00:00,5.211666666666667
15638,2024-02-06 03:00:00,5.226666666666667
15639,2024-02-06 04:00:00,5.093333333333333
15640,2024-02-06 05:00:00,5.075
15641,2024-02-06 06:00:00,5.088333333333334
15642,2024-02-06 07:00:00,5.163333333333333
15643,2024-02-06 08:00:00,5.21
15644,2024-02-06 09:00:00,5.05
15645,2024-02-06 10:00:00,4.985
15646,2024-02-06 11:00:00,5.141666666666667
15647,2024-02-06 12:00:00,5.141666666666667
15648,2024-02-06 13:00:00,4.9383333333333335
15649,2024-02-06 14:00:00,4.94
15650,2024-02-06 15:00:00,4.996666666666667
15651,2024-02-06 16:00:00,5.161666666666666
15652,2024-02-06 17:00:00,5.286666666666666
15653,2024-02-06 18:00:00,5.328333333333333
15654,2024-02-06 19:00:00,5.258333333333334
15655,2024-02-06 20:00:00,5.078333333333333
15656,2024-02-06 21:00:00,5.04
15657,2024-02-06 22:00:00,5.043333333333333
15658,2024-02-06 23:00:00,5.08
15659,2024-02-07 00:00:00,5.098333333333334
15660,2024-02-07 01:00:00,5.0616666666666665
15661,2024-02-07 02:00:00,4.703333333333333
15662,2024-02-07 03:00:00,4.648333333333333
15663,2024-02-07 04:00:00,4.815
15664,2024-02-07 05:00:00,4.943333333333333
15665,2024-02-07 06:00:00,4.951666666666667
15666,2024-02-07 07:00:00,4.98
15667,2024-02-07 08:00:00,5.055
15668,2024-02-07 09:00:00,5.176666666666667
15669,2024-02-07 10:00:00,5.238333333333333
15670,2024-02-07 11:00:00,5.285
15671,2024-02-07 12:00:00,5.283333333333333
15672,2024-02-07 13:00:00,5.226666666666667
15673,2024-02-07 14:00:00,4.988333333333333
15674,2024-02-07 15:00:00,5.088333333333334
15675,2024-02-07 16:00:00,4.213333333333334
15676,2024-02-07 17:00:00,3.9299999999999997
15677,2024-02-07 18:00:00,3.4800000000000004
15678,2024-02-07 19:00:00,3.6333333333333333
15679,2024-02-07 20:00:00,3.725
15680,2024-02-07 21:00:00,3.7616666666666667
15681,2024-02-07 22:00:00,3.8066666666666666
15682,2024-02-07 23:00:00,3.8366666666666664
15683,2024-02-08 00:00:00,3.9483333333333337
15684,2024-02-08 01:00:00,3.83
15685,2024-02-08 02:00:00,3.8683333333333336
15686,2024-02-08 03:00:00,3.97
15687,2024-02-08 04:00:00,3.9766666666666666
15688,2024-02-08 05:00:00,4.16
15689,2024-02-08 06:00:00,4.218333333333333
15690,2024-02-08 07:00:00,4.226666666666667
15691,2024-02-08 08:00:00,4.068333333333333
15692,2024-02-08 09:00:00,4.001666666666666
15693,2024-02-08 10:00:00,4.086666666666667
15694,2024-02-08 11:00:00,3.855
15695,2024-02-08 12:00:00,3.901666666666667
15696,2024-02-08 13:00:00,3.93
15697,2024-02-08 14:00:00,3.956666666666667
15698,2024-02-08 15:00:00,3.848333333333333
15699,2024-02-08 16:00:00,3.7183333333333333
15700,2024-02-08 17:00:00,3.5566666666666666
15701,2024-02-08 18:00:00,3.4416666666666664
15702,2024-02-08 19:00:00,3.188333333333333
15703,2024-02-08 20:00:00,3.0
15704,2024-02-08 21:00:00,3.2616666666666667
15705,2024-02-08 22:00:00,3.203333333333333
15706,2024-02-08 23:00:00,3.125
15707,2024-02-09 00:00:00,3.215
15708,2024-02-09 01:00:00,3.293333333333333
15709,2024-02-09 02:00:00,3.361666666666667
15710,2024-02-09 03:00:00,3.3699999999999997
15711,2024-02-09 04:00:00,3.4
15712,2024-02-09 05:00:00,3.456666666666667
15713,2024-02-09 06:00:00,3.395
15714,2024-02-09 07:00:00,3.3833333333333333
15715,2024-02-09 08:00:00,3.3516666666666666
15716,2024-02-09 09:00:00,3.345
15717,2024-02-09 10:00:00,3.485
15718,2024-02-09 11:00:00,3.5366666666666666
15719,2024-02-09 12:00:00,3.5666666666666664
15720,2024-02-09 13:00:00,3.395
15721,2024-02-09 14:00:00,3.3166666666666664
15722,2024-02-09 15:00:00,3.2733333333333334
15723,2024-02-09 16:00:00,3.115
15724,2024-02-09 17:00:00,3.1183333333333336
15725,2024-02-09 18:00:00,3.1999999999999997
15726,2024-02-09 19:00:00,3.2183333333333337
15727,2024-02-09 20:00:00,3.2733333333333334
15728,2024-02-09 21:00:00,3.1783333333333332
15729,2024-02-09 22:00:00,3.155
15730,2024-02-09 23:00:00,3.1483333333333334
15731,2024-02-10 00:00:00,3.138333333333333
15732,2024-02-10 01:00:00,3.15
15733,2024-02-10 02:00:00,3.0416666666666665
15734,2024-02-10 03:00:00,3.0533333333333332
15735,2024-02-10 04:00:00,3.2816666666666667
15736,2024-02-10 05:00:00,3.27
15737,2024-02-10 06:00:00,3.421666666666667
15738,2024-02-10 07:00:00,3.5733333333333337
15739,2024-02-10 08:00:00,3.74
15740,2024-02-10 09:00:00,3.69
15741,2024-02-10 10:00:00,4.0183333333333335
15742,2024-02-10 11:00:00,3.966666666666667
15743,2024-02-10 12:00:00,4.033333333333333
15744,2024-02-10 13:00:00,4.078333333333333
15745,2024-02-10 14:00:00,4.165
15746,2024-02-10 15:00:00,4.291666666666667
15747,2024-02-10 16:00:00,4.558333333333334
15748,2024-02-10 17:00:00,5.006666666666667
15749,2024-02-10 18:00:00,5.3116666666666665
15750,2024-02-10 19:00:00,5.448333333333333
15751,2024-02-10 20:00:00,5.486666666666667
15752,2024-02-10 21:00:00,5.683333333333334
15753,2024-02-10 22:00:00,5.758333333333333
15754,2024-02-10 23:00:00,5.7316666666666665
15755,2024-02-11 00:00:00,5.601666666666667
15756,2024-02-11 01:00:00,5.551666666666667
15757,2024-02-11 02:00:00,5.521666666666667
15758,2024-02-11 03:00:00,5.581666666666667
15759,2024-02-11 04:00:00,5.46
15760,2024-02-11 05:00:00,5.455000000000001
15761,2024-02-11 06:00:00,5.491666666666667
15762,2024-02-11 07:00:00,5.423333333333333
15763,2024-02-11 08:00:00,5.3999999999999995
15764,2024-02-11 09:00:00,5.53
15765,2024-02-11 10:00:00,5.246666666666667
15766,2024-02-11 11:00:00,5.391666666666667
15767,2024-02-11 12:00:00,5.576666666666667
15768,2024-02-11 13:00:00,5.728333333333334
15769,2024-02-11 14:00:00,5.846666666666667
15770,2024-02-11 15:00:00,5.87
15771,2024-02-11 16:00:00,5.933333333333334
15772,2024-02-11 17:00:00,5.955000000000001
15773,2024-02-11 18:00:00,5.903333333333333
15774,2024-02-11 19:00:00,5.815
15775,2024-02-11 20:00:00,5.821666666666666
15776,2024-02-11 21:00:00,5.861666666666667
15777,2024-02-11 22:00:00,5.8999999999999995
15778,2024-02-11 23:00:00,5.91
15779,2024-02-12 00:00:00,5.835
15780,2024-02-12 01:00:00,5.855
15781,2024-02-12 02:00:00,5.936666666666667
15782,2024-02-12 03:00:00,5.9750000000000005
15783,2024-02-12 04:00:00,5.956666666666667
15784,2024-02-12 05:00:00,5.97
15785,2024-02-12 06:00:00,6.003333333333333
15786,2024-02-12 07:00:00,6.003333333333333
15787,2024-02-12 08:00:00,5.95
15788,2024-02-12 09:00:00,5.896666666666666
15789,2024-02-12 10:00:00,5.956666666666667
15790,2024-02-12 11:00:00,6.028333333333333
15791,2024-02-12 12:00:00,6.043333333333333
15792,2024-02-12 13:00:00,6.075
15793,2024-02-12 14:00:00,6.010000000000001
15794,2024-02-12 15:00:00,5.9750000000000005
15795,2024-02-12 16:00:00,5.951666666666667
15796,2024-02-12 17:00:00,5.951666666666667
15797,2024-02-12 18:00:00,5.936666666666667
15798,2024-02-12 19:00:00,5.945
15799,2024-02-12 20:00:00,5.971666666666667
15800,2024-02-12 21:00:00,6.005
15801,2024-02-12 22:00:00,6.013333333333333
15802,2024-02-12 23:00:00,6.028333333333333
15803,2024-02-13 00:00:00,6.076666666666667
15804,2024-02-13 01:00:00,6.095
15805,2024-02-13 02:00:00,6.046666666666667
15806,2024-02-13 03:00:00,6.026666666666666
15807,2024-02-13 04:00:00,6.005
15808,2024-02-13 05:00:00,6.055
15809,2024-02-13 06:00:00,6.0616666666666665
15810,2024-02-13 07:00:00,5.9750000000000005
15811,2024-02-13 08:00:00,6.075
15812,2024-02-13 09:00:00,6.153333333333333
15813,2024-02-13 10:00:00,6.136666666666667
15814,2024-02-13 11:00:00,6.125
15815,2024-02-13 12:00:00,6.109999999999999
15816,2024-02-13 13:00:00,6.02
15817,2024-02-13 14:00:00,5.973333333333334
15818,2024-02-13 15:00:00,5.898333333333333
15819,2024-02-13 16:00:00,5.875
15820,2024-02-13 17:00:00,5.793333333333333
15821,2024-02-13 18:00:00,5.753333333333333
15822,2024-02-13 19:00:00,5.816666666666666
15823,2024-02-13 20:00:00,5.868333333333333
15824,2024-02-13 21:00:00,5.758333333333333
15825,2024-02-13 22:00:00,5.676666666666667
15826,2024-02-13 23:00:00,5.55
15827,2024-02-14 00:00:00,5.625
15828,2024-02-14 01:00:00,5.81
15829,2024-02-14 02:00:00,5.715
15830,2024-02-14 03:00:00,5.616666666666667
15831,2024-02-14 04:00:00,5.611666666666667
15832,2024-02-14 05:00:00,5.673333333333333
15833,2024-02-14 06:00:00,5.766666666666667
15834,2024-02-14 07:00:00,5.665
15835,2024-02-14 08:00:00,5.346666666666667
15836,2024-02-14 09:00:00,5.201666666666667
15837,2024-02-14 10:00:00,5.223333333333334
15838,2024-02-14 11:00:00,5.448333333333333
15839,2024-02-14 12:00:00,5.633333333333333
15840,2024-02-14 13:00:00,5.088333333333334
15841,2024-02-14 14:00:00,4.778333333333333
15842,2024-02-14 15:00:00,5.035
15843,2024-02-14 16:00:00,5.37
15844,2024-02-14 17:00:00,5.098333333333334
15845,2024-02-14 18:00:00,4.841666666666666
15846,2024-02-14 19:00:00,4.715
15847,2024-02-14 20:00:00,4.698333333333333
15848,2024-02-14 21:00:00,4.815
15849,2024-02-14 22:00:00,4.948333333333333
15850,2024-02-14 23:00:00,5.046666666666667
15851,2024-02-15 00:00:00,5.096666666666667
15852,2024-02-15 01:00:00,5.111666666666667
15853,2024-02-15 02:00:00,5.04
15854,2024-02-15 03:00:00,5.013333333333333
15855,2024-02-15 04:00:00,5.048333333333333
15856,2024-02-15 05:00:00,4.943333333333333
15857,2024-02-15 06:00:00,4.868333333333333
15858,2024-02-15 07:00:00,4.871666666666667
15859,2024-02-15 08:00:00,4.8133333333333335
15860,2024-02-15 09:00:00,4.788333333333333
15861,2024-02-15 10:00:00,4.721666666666667
15862,2024-02-15 11:00:00,4.791666666666667
15863,2024-02-15 12:00:00,4.88
15864,2024-02-15 13:00:00,4.761666666666667
15865,2024-02-15 14:00:00,4.891666666666667
15866,2024-02-15 15:00:00,4.408333333333334
15867,2024-02-15 16:00:00,4.445
15868,2024-02-15 17:00:00,4.69
15869,2024-02-15 18:00:00,4.678333333333334
15870,2024-02-15 19:00:00,4.6049999999999995
15871,2024-02-15 20:00:00,4.491666666666667
15872,2024-02-15 21:00:00,4.5633333333333335
15873,2024-02-15 22:00:00,4.586666666666667
15874,2024-02-15 23:00:00,4.611666666666666
15875,2024-02-16 00:00:00,4.523333333333333
15876,2024-02-16 01:00:00,4.365
15877,2024-02-16 02:00:00,4.453333333333333
15878,2024-02-16 03:00:00,4.56
15879,2024-02-16 04:00:00,4.621666666666667
15880,2024-02-16 05:00:00,4.765
15881,2024-02-16 06:00:00,4.841666666666667
15882,2024-02-16 07:00:00,4.99
15883,2024-02-16 08:00:00,5.13
15884,2024-02-16 09:00:00,4.985
15885,2024-02-16 10:00:00,4.795
15886,2024-02-16 11:00:00,4.8549999999999995
15887,2024-02-16 12:00:00,5.0633333333333335
15888,2024-02-16 13:00:00,5.026666666666666
15889,2024-02-16 14:00:00,4.958333333333333
15890,2024-02-16 15:00:00,4.886666666666667
15891,2024-02-16 16:00:00,4.91
15892,2024-02-16 17:00:00,4.675
15893,2024-02-16 18:00:00,4.45
15894,2024-02-16 19:00:00,4.388333333333333
15895,2024-02-16 20:00:00,4.16
15896,2024-02-16 21:00:00,4.033333333333333
15897,2024-02-16 22:00:00,4.096666666666667
15898,2024-02-16 23:00:00,4.138333333333333
15899,2024-02-17 00:00:00,4.12
15900,2024-02-17 01:00:00,4.138333333333334
15901,2024-02-17 02:00:00,4.166666666666667
15902,2024-02-17 03:00:00,4.13
15903,2024-02-17 04:00:00,4.09
15904,2024-02-17 05:00:00,3.98
15905,2024-02-17 06:00:00,3.876666666666667
15906,2024-02-17 07:00:00,3.983333333333333
15907,2024-02-17 08:00:00,4.0249999999999995
15908,2024-02-17 09:00:00,4.04
15909,2024-02-17 10:00:00,4.078333333333333
15910,2024-02-17 11:00:00,4.09
15911,2024-02-17 12:00:00,4.066666666666666
15912,2024-02-17 13:00:00,4.056666666666666
15913,2024-02-17 14:00:00,4.055
15914,2024-02-17 15:00:00,4.04
15915,2024-02-17 16:00:00,4.038333333333333
15916,2024-02-17 17:00:00,4.006666666666667
15917,2024-02-17 18:00:00,3.8833333333333333
15918,2024-02-17 19:00:00,3.8783333333333334
15919,2024-02-17 20:00:00,3.9066666666666667
15920,2024-02-17 21:00:00,3.9066666666666667
15921,2024-02-17 22:00:00,3.891666666666667
15922,2024-02-17 23:00:00,3.85
15923,2024-02-18 00:00:00,3.776666666666667
15924,2024-02-18 01:00:00,3.7533333333333334
15925,2024-02-18 02:00:00,3.7816666666666663
15926,2024-02-18 03:00:00,3.731666666666667
15927,2024-02-18 04:00:00,3.7449999999999997
15928,2024-02-18 05:00:00,3.6566666666666667
15929,2024-02-18 06:00:00,3.6183333333333336
15930,2024-02-18 07:00:00,3.645
15931,2024-02-18 08:00:00,3.7083333333333335
15932,2024-02-18 09:00:00,3.595
15933,2024-02-18 10:00:00,3.5549999999999997
15934,2024-02-18 11:00:00,3.4133333333333336
15935,2024-02-18 12:00:00,3.466666666666667
15936,2024-02-18 13:00:00,3.6566666666666667
15937,2024-02-18 14:00:00,3.748333333333333
15938,2024-02-18 15:00:00,3.75
15939,2024-02-18 16:00:00,3.455
15940,2024-02-18 17:00:00,3.296666666666667
15941,2024-02-18 18:00:00,3.52
15942,2024-02-18 19:00:00,3.763333333333333
15943,2024-02-18 20:00:00,3.985
15944,2024-02-18 21:00:00,4.056666666666667
15945,2024-02-18 22:00:00,3.97
15946,2024-02-18 23:00:00,3.8216666666666668
15947,2024-02-19 00:00:00,3.8333333333333335
15948,2024-02-19 01:00:00,3.7183333333333333
15949,2024-02-19 02:00:00,3.141666666666666
15950,2024-02-19 03:00:00,3.2183333333333333
15951,2024-02-19 04:00:00,3.3349999999999995
15952,2024-02-19 05:00:00,3.365
15953,2024-02-19 06:00:00,3.401666666666667
15954,2024-02-19 07:00:00,3.39
15955,2024-02-19 08:00:00,3.3766666666666665
15956,2024-02-19 09:00:00,3.481666666666667
15957,2024-02-19 10:00:00,3.6333333333333333
15958,2024-02-19 11:00:00,3.61
15959,2024-02-19 12:00:00,3.7016666666666667
15960,2024-02-19 13:00:00,3.8366666666666664
15961,2024-02-19 14:00:00,3.81
15962,2024-02-19 15:00:00,3.8033333333333332
15963,2024-02-19 16:00:00,3.5666666666666664
15964,2024-02-19 17:00:00,3.5966666666666662
15965,2024-02-19 18:00:00,3.608333333333333
15966,2024-02-19 19:00:00,3.6466666666666665
15967,2024-02-19 20:00:00,3.6233333333333335
15968,2024-02-19 21:00:00,3.498333333333333
15969,2024-02-19 22:00:00,3.6199999999999997
15970,2024-02-19 23:00:00,3.625
15971,2024-02-20 00:00:00,3.47
15972,2024-02-20 01:00:00,3.5483333333333333
15973,2024-02-20 02:00:00,3.61
15974,2024-02-20 03:00:00,3.645
15975,2024-02-20 04:00:00,3.6533333333333338
15976,2024-02-20 05:00:00,3.65
15977,2024-02-20 06:00:00,3.64
15978,2024-02-20 07:00:00,3.5566666666666666
15979,2024-02-20 08:00:00,3.5
15980,2024-02-20 09:00:00,3.4616666666666664
15981,2024-02-20 10:00:00,3.591666666666667
15982,2024-02-20 11:00:00,3.513333333333333
15983,2024-02-20 12:00:00,3.563333333333333
15984,2024-02-20 13:00:00,3.651666666666667
15985,2024-02-20 14:00:00,3.6633333333333336
15986,2024-02-20 15:00:00,3.6616666666666666
15987,2024-02-20 16:00:00,3.6533333333333338
15988,2024-02-20 17:00:00,3.7183333333333333
15989,2024-02-20 18:00:00,3.525
15990,2024-02-20 19:00:00,3.35
15991,2024-02-20 20:00:00,3.608333333333333
15992,2024-02-20 21:00:00,3.47
15993,2024-02-20 22:00:00,3.5749999999999997
15994,2024-02-20 23:00:00,3.715
15995,2024-02-21 00:00:00,3.6816666666666666
15996,2024-02-21 01:00:00,3.6199999999999997
15997,2024-02-21 02:00:00,3.6333333333333333
15998,2024-02-21 03:00:00,3.5216666666666665
15999,2024-02-21 04:00:00,3.481666666666667
16000,2024-02-21 05:00:00,3.4983333333333335
16001,2024-02-21 06:00:00,3.5816666666666666
16002,2024-02-21 07:00:00,3.49
16003,2024-02-21 08:00:00,3.4516666666666667
16004,2024-02-21 09:00:00,3.301666666666667
16005,2024-02-21 10:00:00,3.0833333333333335
16006,2024-02-21 11:00:00,3.2533333333333334
16007,2024-02-21 12:00:00,3.4183333333333334
16008,2024-02-21 13:00:00,3.4450000000000003
16009,2024-02-21 14:00:00,3.4266666666666663
16010,2024-02-21 15:00:00,3.3866666666666667
16011,2024-02-21 16:00:00,3.355
16012,2024-02-21 17:00:00,3.31
16013,2024-02-21 18:00:00,3.308333333333333
16014,2024-02-21 19:00:00,3.34
16015,2024-02-21 20:00:00,3.361666666666667
16016,2024-02-21 21:00:00,3.17
16017,2024-02-21 22:00:00,3.188333333333333
16018,2024-02-21 23:00:00,3.2216666666666662
16019,2024-02-22 00:00:00,3.3033333333333332
16020,2024-02-22 01:00:00,3.388333333333333
16021,2024-02-22 02:00:00,3.671666666666667
16022,2024-02-22 03:00:00,3.9483333333333337
16023,2024-02-22 04:00:00,4.1049999999999995
16024,2024-02-22 05:00:00,4.331666666666667
16025,2024-02-22 06:00:00,4.555
16026,2024-02-22 07:00:00,4.661666666666666
16027,2024-02-22 08:00:00,4.57
16028,2024-02-22 09:00:00,4.47
16029,2024-02-22 10:00:00,3.7066666666666666
16030,2024-02-22 11:00:00,3.481666666666667
16031,2024-02-22 12:00:00,3.498333333333333
16032,2024-02-22 13:00:00,3.4483333333333337
16033,2024-02-22 14:00:00,3.716666666666667
16034,2024-02-22 15:00:00,3.7899999999999996
16035,2024-02-22 16:00:00,3.7916666666666665
16036,2024-02-22 17:00:00,3.7433333333333336
16037,2024-02-22 18:00:00,3.6533333333333338
16038,2024-02-22 19:00:00,3.535
16039,2024-02-22 20:00:00,3.526666666666667
16040,2024-02-22 21:00:00,3.5816666666666666
16041,2024-02-22 22:00:00,3.645
16042,2024-02-22 23:00:00,3.735
16043,2024-02-23 00:00:00,3.77
16044,2024-02-23 01:00:00,3.8016666666666663
16045,2024-02-23 02:00:00,3.7883333333333336
16046,2024-02-23 03:00:00,3.811666666666667
16047,2024-02-23 04:00:00,3.7550000000000003
16048,2024-02-23 05:00:00,3.635
16049,2024-02-23 06:00:00,3.598333333333333
16050,2024-02-23 07:00:00,3.5833333333333335
16051,2024-02-23 08:00:00,3.6216666666666666
16052,2024-02-23 09:00:00,3.6616666666666666
16053,2024-02-23 10:00:00,3.6666666666666665
16054,2024-02-23 11:00:00,3.58
16055,2024-02-23 12:00:00,3.65
16056,2024-02-23 13:00:00,3.685
16057,2024-02-23 14:00:00,3.75
16058,2024-02-23 15:00:00,3.91
16059,2024-02-23 16:00:00,3.8783333333333334
16060,2024-02-23 17:00:00,3.82
16061,2024-02-23 18:00:00,3.811666666666667
16062,2024-02-23 19:00:00,3.908333333333333
16063,2024-02-23 20:00:00,3.905
16064,2024-02-23 21:00:00,3.985
16065,2024-02-23 22:00:00,4.236666666666667
16066,2024-02-23 23:00:00,4.5216666666666665
16067,2024-02-24 00:00:00,4.625
16068,2024-02-24 01:00:00,4.545
16069,2024-02-24 02:00:00,4.291666666666667
16070,2024-02-24 03:00:00,4.198333333333333
16071,2024-02-24 04:00:00,4.1033333333333335
16072,2024-02-24 05:00:00,4.013333333333333
16073,2024-02-24 06:00:00,3.9983333333333335
16074,2024-02-24 07:00:00,3.908333333333333
16075,2024-02-24 08:00:00,3.8049999999999997
16076,2024-02-24 09:00:00,3.76
16077,2024-02-24 10:00:00,3.768333333333333
16078,2024-02-24 11:00:00,3.785
16079,2024-02-24 12:00:00,3.8699999999999997
16080,2024-02-24 13:00:00,3.9283333333333332
16081,2024-02-24 14:00:00,3.938333333333333
16082,2024-02-24 15:00:00,3.9450000000000003
16083,2024-02-24 16:00:00,3.93
16084,2024-02-24 17:00:00,3.9133333333333336
16085,2024-02-24 18:00:00,3.848333333333333
16086,2024-02-24 19:00:00,3.7983333333333333
16087,2024-02-24 20:00:00,3.7983333333333333
16088,2024-02-24 21:00:00,3.8066666666666666
16089,2024-02-24 22:00:00,3.78
16090,2024-02-24 23:00:00,3.7866666666666666
16091,2024-02-25 00:00:00,3.7883333333333336
16092,2024-02-25 01:00:00,3.7999999999999994
16093,2024-02-25 02:00:00,3.7899999999999996
16094,2024-02-25 03:00:00,3.793333333333333
16095,2024-02-25 04:00:00,3.783333333333333
16096,2024-02-25 05:00:00,3.763333333333333
16097,2024-02-25 06:00:00,3.716666666666667
16098,2024-02-25 07:00:00,3.6683333333333334
16099,2024-02-25 08:00:00,3.638333333333333
16100,2024-02-25 09:00:00,3.641666666666667
16101,2024-02-25 10:00:00,3.6533333333333338
16102,2024-02-25 11:00:00,3.676666666666667
16103,2024-02-25 12:00:00,3.703333333333333
16104,2024-02-25 13:00:00,3.7383333333333333
16105,2024-02-25 14:00:00,3.7533333333333334
16106,2024-02-25 15:00:00,3.735
16107,2024-02-25 16:00:00,3.735
16108,2024-02-25 17:00:00,3.6950000000000003
16109,2024-02-25 18:00:00,3.65
16110,2024-02-25 19:00:00,3.625
16111,2024-02-25 20:00:00,3.5533333333333332
16112,2024-02-25 21:00:00,3.5533333333333332
16113,2024-02-25 22:00:00,3.5566666666666666
16114,2024-02-25 23:00:00,3.53
16115,2024-02-26 00:00:00,3.5199999999999996
16116,2024-02-26 01:00:00,3.545
16117,2024-02-26 02:00:00,3.5766666666666667
16118,2024-02-26 03:00:00,3.573333333333333
16119,2024-02-26 04:00:00,3.615
16120,2024-02-26 05:00:00,3.6316666666666664
16121,2024-02-26 06:00:00,3.578333333333333
16122,2024-02-26 07:00:00,3.581666666666667
16123,2024-02-26 08:00:00,3.581666666666667
16124,2024-02-26 09:00:00,3.6466666666666665
16125,2024-02-26 10:00:00,3.721666666666667
16126,2024-02-26 11:00:00,3.6950000000000003
16127,2024-02-26 12:00:00,3.658333333333333
16128,2024-02-26 13:00:00,3.6650000000000005
16129,2024-02-26 14:00:00,3.66
16130,2024-02-26 15:00:00,3.643333333333333
16131,2024-02-26 16:00:00,3.6483333333333334
16132,2024-02-26 17:00:00,3.6016666666666666
16133,2024-02-26 18:00:00,3.473333333333333
16134,2024-02-26 19:00:00,3.518333333333333
16135,2024-02-26 20:00:00,3.5483333333333333
16136,2024-02-26 21:00:00,3.5399999999999996
16137,2024-02-26 22:00:00,3.5516666666666663
16138,2024-02-26 23:00:00,3.535
16139,2024-02-27 00:00:00,3.3833333333333333
16140,2024-02-27 01:00:00,3.525
16141,2024-02-27 02:00:00,3.535
16142,2024-02-27 03:00:00,3.5583333333333336
16143,2024-02-27 04:00:00,3.5866666666666664
16144,2024-02-27 05:00:00,3.5883333333333334
16145,2024-02-27 06:00:00,3.4583333333333335
16146,2024-02-27 07:00:00,3.558333333333333
16147,2024-02-27 08:00:00,3.5866666666666664
16148,2024-02-27 09:00:00,3.595
16149,2024-02-27 10:00:00,3.6183333333333336
16150,2024-02-27 11:00:00,3.6483333333333334
16151,2024-02-27 12:00:00,3.526666666666667
16152,2024-02-27 13:00:00,3.475
16153,2024-02-27 14:00:00,3.501666666666667
16154,2024-02-27 15:00:00,3.5766666666666667
16155,2024-02-27 16:00:00,3.6183333333333336
16156,2024-02-27 17:00:00,3.6783333333333332
16157,2024-02-27 18:00:00,3.525
16158,2024-02-27 19:00:00,3.4983333333333335
16159,2024-02-27 20:00:00,3.5316666666666663
16160,2024-02-27 21:00:00,3.528333333333333
16161,2024-02-27 22:00:00,3.5766666666666667
16162,2024-02-27 23:00:00,3.655
16163,2024-02-28 00:00:00,3.6733333333333333
16164,2024-02-28 01:00:00,3.65
16165,2024-02-28 02:00:00,3.6616666666666666
16166,2024-02-28 03:00:00,3.703333333333333
16167,2024-02-28 04:00:00,3.735
16168,2024-02-28 05:00:00,3.7816666666666663
16169,2024-02-28 06:00:00,3.83
16170,2024-02-28 07:00:00,3.8666666666666667
16171,2024-02-28 08:00:00,3.8800000000000003
16172,2024-02-28 09:00:00,3.8883333333333336
16173,2024-02-28 10:00:00,3.8833333333333333
16174,2024-02-28 11:00:00,3.8783333333333334
16175,2024-02-28 12:00:00,3.85
16176,2024-02-28 13:00:00,3.7916666666666665
16177,2024-02-28 14:00:00,3.9433333333333334
16178,2024-02-28 15:00:00,3.983333333333333
16179,2024-02-28 16:00:00,3.8716666666666666
16180,2024-02-28 17:00:00,3.873333333333333
16181,2024-02-28 18:00:00,3.8466666666666662
16182,2024-02-28 19:00:00,3.865
16183,2024-02-28 20:00:00,3.9183333333333334
16184,2024-02-28 21:00:00,3.9433333333333334
16185,2024-02-28 22:00:00,3.8433333333333333
16186,2024-02-28 23:00:00,3.7816666666666663
16187,2024-02-29 00:00:00,3.768333333333333
16188,2024-02-29 01:00:00,3.676666666666667
16189,2024-02-29 02:00:00,3.7466666666666666
16190,2024-02-29 03:00:00,3.7733333333333334
16191,2024-02-29 04:00:00,3.7983333333333333
16192,2024-02-29 05:00:00,3.8616666666666664
16193,2024-02-29 06:00:00,3.9883333333333333
16194,2024-02-29 07:00:00,4.1000000000000005
16195,2024-02-29 08:00:00,4.16
16196,2024-02-29 09:00:00,4.185
16197,2024-02-29 10:00:00,4.321666666666666
16198,2024-02-29 11:00:00,4.463333333333334
16199,2024-02-29 12:00:00,4.66
16200,2024-02-29 13:00:00,4.74
16201,2024-02-29 14:00:00,4.683333333333334
16202,2024-02-29 15:00:00,4.578333333333333
16203,2024-02-29 16:00:00,4.47
16204,2024-02-29 17:00:00,4.4383333333333335
16205,2024-02-29 18:00:00,4.408333333333334
16206,2024-02-29 19:00:00,4.3950000000000005
16207,2024-02-29 20:00:00,4.451666666666667
16208,2024-02-29 21:00:00,4.616666666666667
16209,2024-02-29 22:00:00,4.625
16210,2024-02-29 23:00:00,4.54
16211,2024-03-01 00:00:00,4.533333333333333
16212,2024-03-01 01:00:00,4.551666666666667
16213,2024-03-01 02:00:00,4.49
16214,2024-03-01 03:00:00,4.528333333333333
16215,2024-03-01 04:00:00,4.546666666666667
16216,2024-03-01 05:00:00,4.545
16217,2024-03-01 06:00:00,4.551666666666667
16218,2024-03-01 07:00:00,4.543333333333333
16219,2024-03-01 08:00:00,4.543333333333333
16220,2024-03-01 09:00:00,4.556666666666666
16221,2024-03-01 10:00:00,4.5633333333333335
16222,2024-03-01 11:00:00,4.513333333333333
16223,2024-03-01 12:00:00,4.505
16224,2024-03-01 13:00:00,4.528333333333333
16225,2024-03-01 14:00:00,4.52
16226,2024-03-01 15:00:00,4.503333333333333
16227,2024-03-01 16:00:00,4.501666666666666
16228,2024-03-01 17:00:00,4.51
16229,2024-03-01 18:00:00,4.52
16230,2024-03-01 19:00:00,4.508333333333333
16231,2024-03-01 20:00:00,4.443333333333333
16232,2024-03-01 21:00:00,4.351666666666667
16233,2024-03-01 22:00:00,4.383333333333334
16234,2024-03-01 23:00:00,4.42
16235,2024-03-02 00:00:00,4.43
16236,2024-03-02 01:00:00,4.406666666666666
16237,2024-03-02 02:00:00,4.3950000000000005
16238,2024-03-02 03:00:00,4.385
16239,2024-03-02 04:00:00,4.361666666666667
16240,2024-03-02 05:00:00,4.3549999999999995
16241,2024-03-02 06:00:00,4.3933333333333335
16242,2024-03-02 07:00:00,4.406666666666666
16243,2024-03-02 08:00:00,4.3183333333333325
16244,2024-03-02 09:00:00,4.368333333333333
16245,2024-03-02 10:00:00,4.373333333333333
16246,2024-03-02 11:00:00,4.42
16247,2024-03-02 12:00:00,4.485
16248,2024-03-02 13:00:00,4.528333333333333
16249,2024-03-02 14:00:00,4.533333333333333
16250,2024-03-02 15:00:00,4.556666666666667
16251,2024-03-02 16:00:00,4.545
16252,2024-03-02 17:00:00,4.53
16253,2024-03-02 18:00:00,4.5216666666666665
16254,2024-03-02 19:00:00,4.501666666666666
16255,2024-03-02 20:00:00,4.501666666666666
16256,2024-03-02 21:00:00,4.493333333333333
16257,2024-03-02 22:00:00,4.461666666666667
16258,2024-03-02 23:00:00,4.431666666666667
16259,2024-03-03 00:00:00,4.385
16260,2024-03-03 01:00:00,4.358333333333333
16261,2024-03-03 02:00:00,4.418333333333333
16262,2024-03-03 03:00:00,4.488333333333333
16263,2024-03-03 04:00:00,4.386666666666667
16264,2024-03-03 05:00:00,4.451666666666667
16265,2024-03-03 06:00:00,4.493333333333333
16266,2024-03-03 07:00:00,4.496666666666667
16267,2024-03-03 08:00:00,4.516666666666667
16268,2024-03-03 09:00:00,4.531666666666667
16269,2024-03-03 10:00:00,4.531666666666667
16270,2024-03-03 11:00:00,4.535
16271,2024-03-03 12:00:00,4.56
16272,2024-03-03 13:00:00,4.626666666666666
16273,2024-03-03 14:00:00,4.605
16274,2024-03-03 15:00:00,4.596666666666667
16275,2024-03-03 16:00:00,4.603333333333333
16276,2024-03-03 17:00:00,4.6049999999999995
16277,2024-03-03 18:00:00,4.598333333333333
16278,2024-03-03 19:00:00,4.593333333333333
16279,2024-03-03 20:00:00,4.575
16280,2024-03-03 21:00:00,4.583333333333333
16281,2024-03-03 22:00:00,4.53
16282,2024-03-03 23:00:00,4.43
16283,2024-03-04 00:00:00,4.54
16284,2024-03-04 01:00:00,4.555
16285,2024-03-04 02:00:00,4.55
16286,2024-03-04 03:00:00,4.505
16287,2024-03-04 04:00:00,4.578333333333333
16288,2024-03-04 05:00:00,4.631666666666667
16289,2024-03-04 06:00:00,4.641666666666667
16290,2024-03-04 07:00:00,4.703333333333333
16291,2024-03-04 08:00:00,4.741666666666666
16292,2024-03-04 09:00:00,4.783333333333333
16293,2024-03-04 10:00:00,4.883333333333334
16294,2024-03-04 11:00:00,4.9799999999999995
16295,2024-03-04 12:00:00,4.97
16296,2024-03-04 13:00:00,5.003333333333333
16297,2024-03-04 14:00:00,5.081666666666666
16298,2024-03-04 15:00:00,5.026666666666666
16299,2024-03-04 16:00:00,5.086666666666667
16300,2024-03-04 17:00:00,5.12
16301,2024-03-04 18:00:00,5.158333333333334
16302,2024-03-04 19:00:00,5.213333333333334
16303,2024-03-04 20:00:00,5.246666666666667
16304,2024-03-04 21:00:00,5.306666666666667
16305,2024-03-04 22:00:00,5.286666666666666
16306,2024-03-04 23:00:00,5.276666666666666
16307,2024-03-05 00:00:00,5.286666666666667
16308,2024-03-05 01:00:00,5.343333333333334
16309,2024-03-05 02:00:00,5.351666666666667
16310,2024-03-05 03:00:00,5.291666666666667
16311,2024-03-05 04:00:00,5.193333333333333
16312,2024-03-05 05:00:00,5.26
16313,2024-03-05 06:00:00,5.29
16314,2024-03-05 07:00:00,5.263333333333333
16315,2024-03-05 08:00:00,5.265
16316,2024-03-05 09:00:00,5.318333333333333
16317,2024-03-05 10:00:00,5.390000000000001
16318,2024-03-05 11:00:00,5.458333333333333
16319,2024-03-05 12:00:00,5.521666666666667
16320,2024-03-05 13:00:00,5.613333333333333
16321,2024-03-05 14:00:00,5.715
16322,2024-03-05 15:00:00,5.733333333333333
16323,2024-03-05 16:00:00,5.711666666666666
16324,2024-03-05 17:00:00,5.75
16325,2024-03-05 18:00:00,5.748333333333334
16326,2024-03-05 19:00:00,5.668333333333333
16327,2024-03-05 20:00:00,5.645
16328,2024-03-05 21:00:00,5.636666666666667
16329,2024-03-05 22:00:00,5.6066666666666665
16330,2024-03-05 23:00:00,5.548333333333333
16331,2024-03-06 00:00:00,5.415
16332,2024-03-06 01:00:00,5.391666666666667
16333,2024-03-06 02:00:00,5.585
16334,2024-03-06 03:00:00,5.601666666666667
16335,2024-03-06 04:00:00,5.45
16336,2024-03-06 05:00:00,5.433333333333334
16337,2024-03-06 06:00:00,5.22
16338,2024-03-06 07:00:00,5.515
16339,2024-03-06 08:00:00,5.346666666666667
16340,2024-03-06 09:00:00,5.543333333333333
16341,2024-03-06 10:00:00,5.495
16342,2024-03-06 11:00:00,5.408333333333334
16343,2024-03-06 12:00:00,5.368333333333333
16344,2024-03-06 13:00:00,5.3500000000000005
16345,2024-03-06 14:00:00,5.385000000000001
16346,2024-03-06 15:00:00,5.336666666666666
16347,2024-03-06 16:00:00,5.3116666666666665
16348,2024-03-06 17:00:00,5.283333333333333
16349,2024-03-06 18:00:00,5.216666666666667
16350,2024-03-06 19:00:00,5.203333333333333
16351,2024-03-06 20:00:00,5.123333333333333
16352,2024-03-06 21:00:00,5.17
16353,2024-03-06 22:00:00,5.2316666666666665
16354,2024-03-06 23:00:00,5.258333333333333
16355,2024-03-07 00:00:00,5.236666666666667
16356,2024-03-07 01:00:00,4.986666666666667
16357,2024-03-07 02:00:00,4.886666666666667
16358,2024-03-07 03:00:00,5.0
16359,2024-03-07 04:00:00,4.998333333333334
16360,2024-03-07 05:00:00,5.0
16361,2024-03-07 06:00:00,4.971666666666667
16362,2024-03-07 07:00:00,4.9816666666666665
16363,2024-03-07 08:00:00,4.946666666666666
16364,2024-03-07 09:00:00,4.945
16365,2024-03-07 10:00:00,4.785
16366,2024-03-07 11:00:00,4.801666666666667
16367,2024-03-07 12:00:00,4.87