id,_time,sound_speed
14771,2024-01-01 00:00:00+00:00,9.21111111111107
14772,2024-01-01 01:00:00+00:00,9.238888888888823
14773,2024-01-01 02:00:00+00:00,9.177777777777845
14774,2024-01-01 03:00:00+00:00,9.2277777777778
14775,2024-01-01 04:00:00+00:00,9.311111111111131
14776,2024-01-01 05:00:00+00:00,9.34444444444451
14777,2024-01-01 06:00:00+00:00,9.472222222222248
14778,2024-01-01 07:00:00+00:00,9.4777777777778
14779,2024-01-01 08:00:00+00:00,9.449999999999967
14780,2024-01-01 09:00:00+00:00,9.461111111111146
14781,2024-01-01 10:00:00+00:00,9.466666666666695
14782,2024-01-01 11:00:00+00:00,9.466666666666772
14783,2024-01-01 12:00:00+00:00,9.4777777777778
14784,2024-01-01 13:00:00+00:00,9.488888888888823
14785,2024-01-01 14:00:00+00:00,9.488888888888823
14786,2024-01-01 15:00:00+00:00,9.488888888888823
14787,2024-01-01 16:00:00+00:00,9.544444444444403
14788,2024-01-01 17:00:00+00:00,9.233333333333348
14789,2024-01-01 18:00:00+00:00,9.283333333333305
14790,2024-01-01 19:00:00+00:00,9.322222222222155
14791,2024-01-01 20:00:00+00:00,9.255555555555626
14792,2024-01-01 21:00:00+00:00,9.316666666666682
14793,2024-01-01 22:00:00+00:00,9.36666666666656
14794,2024-01-01 23:00:00+00:00,9.327777777777706
14795,2024-01-02 00:00:00+00:00,9.322222222222155
14796,2024-01-02 01:00:00+00:00,9.388888888888914
14797,2024-01-02 02:00:00+00:00,9.033333333333305
14798,2024-01-02 03:00:00+00:00,9.050000000000033
14799,2024-01-02 04:00:00+00:00,9.122222222222264
14800,2024-01-02 05:00:00+00:00,9.111111111111086
14801,2024-01-02 06:00:00+00:00,8.988888888888823
14802,2024-01-02 07:00:00+00:00,9.061111111111131
14803,2024-01-02 08:00:00+00:00,9.005555555555626
14804,2024-01-02 09:00:00+00:00,8.988888888888823
14805,2024-01-02 10:00:00+00:00,9.066666666666604
14806,2024-01-02 11:00:00+00:00,9.15555555555549
14807,2024-01-02 12:00:00+00:00,9.099999999999984
14808,2024-01-02 13:00:00+00:00,9.16111111111104
14809,2024-01-02 14:00:00+00:00,9.2277777777778
14810,2024-01-02 15:00:00+00:00,9.2277777777778
14811,2024-01-02 16:00:00+00:00,9.283333333333305
14812,2024-01-02 17:00:00+00:00,9.316666666666682
14813,2024-01-02 18:00:00+00:00,9.333333333333334
14814,2024-01-02 19:00:00+00:00,9.333333333333334
14815,2024-01-02 20:00:00+00:00,9.372222222222264
14816,2024-01-02 21:00:00+00:00,9.30555555555558
14817,2024-01-02 22:00:00+00:00,9.355555555555537
14818,2024-01-02 23:00:00+00:00,9.361111111111086
14819,2024-01-03 00:00:00+00:00,9.333333333333334
14820,2024-01-03 01:00:00+00:00,9.266666666666652
14821,2024-01-03 02:00:00+00:00,9.300000000000033
14822,2024-01-03 03:00:00+00:00,9.077777777777706
14823,2024-01-03 04:00:00+00:00,8.927777777777843
14824,2024-01-03 05:00:00+00:00,8.977777777777801
14825,2024-01-03 06:00:00+00:00,8.988888888888823
14826,2024-01-03 07:00:00+00:00,9.0
14827,2024-01-03 08:00:00+00:00,9.033333333333228
14828,2024-01-03 09:00:00+00:00,9.05555555555558
14829,2024-01-03 10:00:00+00:00,9.066666666666682
14830,2024-01-03 11:00:00+00:00,9.172222222222294
14831,2024-01-03 12:00:00+00:00,9.261111111111177
14832,2024-01-03 13:00:00+00:00,9.183333333333318
14833,2024-01-03 14:00:00+00:00,9.122222222222264
14834,2024-01-03 15:00:00+00:00,9.061111111111131
14835,2024-01-03 16:00:00+00:00,9.05555555555558
14836,2024-01-03 17:00:00+00:00,8.994444444444374
14837,2024-01-03 18:00:00+00:00,8.949999999999969
14838,2024-01-03 19:00:00+00:00,8.849999999999985
14839,2024-01-03 20:00:00+00:00,8.783333333333303
14840,2024-01-03 21:00:00+00:00,8.738888888888823
14841,2024-01-03 22:00:00+00:00,8.672222222222294
14842,2024-01-03 23:00:00+00:00,8.577777777777706
14843,2024-01-04 00:00:00+00:00,8.66111111111104
14844,2024-01-04 01:00:00+00:00,8.68888888888887
14845,2024-01-04 02:00:00+00:00,8.772222222222203
14846,2024-01-04 03:00:00+00:00,8.733333333333348
14847,2024-01-04 04:00:00+00:00,8.650000000000015
14848,2024-01-04 05:00:00+00:00,8.577777777777706
14849,2024-01-04 06:00:00+00:00,8.544444444444403
14850,2024-01-04 07:00:00+00:00,8.516666666666652
14851,2024-01-04 08:00:00+00:00,8.522222222222203
14852,2024-01-04 09:00:00+00:00,8.261111111111177
14853,2024-01-04 10:00:00+00:00,7.783333333333303
14854,2024-01-04 11:00:00+00:00,8.066666666666682
14855,2024-01-04 12:00:00+00:00,8.244444444444374
14856,2024-01-04 13:00:00+00:00,8.355555555555537
14857,2024-01-04 14:00:00+00:00,8.422222222222294
14858,2024-01-04 15:00:00+00:00,8.277777777777752
14859,2024-01-04 16:00:00+00:00,8.005555555555626
14860,2024-01-04 17:00:00+00:00,7.605555555555536
14861,2024-01-04 18:00:00+00:00,7.083333333333333
14862,2024-01-04 19:00:00+00:00,6.783333333333303
14863,2024-01-04 20:00:00+00:00,7.294444444444402
14864,2024-01-04 21:00:00+00:00,6.966666666666697
14865,2024-01-04 22:00:00+00:00,6.68888888888887
14866,2024-01-04 23:00:00+00:00,6.699999999999894
14867,2024-01-05 00:00:00+00:00,6.5444444444444025
14868,2024-01-05 01:00:00+00:00,6.277777777777753
14869,2024-01-05 02:00:00+00:00,6.2277777777778
14870,2024-01-05 03:00:00+00:00,6.283333333333303
14871,2024-01-05 04:00:00+00:00,6.2944444444444025
14872,2024-01-05 05:00:00+00:00,6.272222222222204
14873,2024-01-05 06:00:00+00:00,6.322222222222156
14874,2024-01-05 07:00:00+00:00,6.427777777777844
14875,2024-01-05 08:00:00+00:00,6.43888888888887
14876,2024-01-05 09:00:00+00:00,6.5999999999999845
14877,2024-01-05 10:00:00+00:00,6.894444444444467
14878,2024-01-05 11:00:00+00:00,7.072222222222156
14879,2024-01-05 12:00:00+00:00,6.927777777777844
14880,2024-01-05 13:00:00+00:00,6.8777777777777365
14881,2024-01-05 14:00:00+00:00,7.388888888888914
14882,2024-01-05 15:00:00+00:00,7.444444444444419
14883,2024-01-05 16:00:00+00:00,7.194444444444419
14884,2024-01-05 17:00:00+00:00,6.90555555555549
14885,2024-01-05 18:00:00+00:00,6.861111111111086
14886,2024-01-05 19:00:00+00:00,6.8555555555555365
14887,2024-01-05 20:00:00+00:00,6.900000000000016
14888,2024-01-05 21:00:00+00:00,7.133333333333364
14889,2024-01-05 22:00:00+00:00,7.205555555555596
14890,2024-01-05 23:00:00+00:00,7.022222222222204
14891,2024-01-06 00:00:00+00:00,6.916666666666667
14892,2024-01-06 01:00:00+00:00,6.7944444444444025
14893,2024-01-06 02:00:00+00:00,6.80000000000003
14894,2024-01-06 03:00:00+00:00,7.0666666666666815
14895,2024-01-06 04:00:00+00:00,6.866666666666636
14896,2024-01-06 05:00:00+00:00,6.916666666666667
14897,2024-01-06 06:00:00+00:00,6.9611111111110695
14898,2024-01-06 07:00:00+00:00,7.061111111111134
14899,2024-01-06 08:00:00+00:00,7.1277777777777365
14900,2024-01-06 09:00:00+00:00,6.894444444444467
14901,2024-01-06 10:00:00+00:00,6.4833333333333485
14902,2024-01-06 11:00:00+00:00,6.311111111111134
14903,2024-01-06 12:00:00+00:00,6.0
14904,2024-01-06 13:00:00+00:00,5.90555555555549
14905,2024-01-06 14:00:00+00:00,6.177777777777844
14906,2024-01-06 15:00:00+00:00,6.3499999999999845
14907,2024-01-06 16:00:00+00:00,6.205555555555596
14908,2024-01-06 17:00:00+00:00,6.1055555555555365
14909,2024-01-06 18:00:00+00:00,6.09444444444451
14910,2024-01-06 19:00:00+00:00,6.033333333333303
14911,2024-01-06 20:00:00+00:00,6.033333333333303
14912,2024-01-06 21:00:00+00:00,5.272222222222202
14913,2024-01-06 22:00:00+00:00,4.644444444444464
14914,2024-01-06 23:00:00+00:00,4.522222222222202
14915,2024-01-07 00:00:00+00:00,4.550000000000031
14916,2024-01-07 01:00:00+00:00,4.550000000000031
14917,2024-01-07 02:00:00+00:00,4.41111111111104
14918,2024-01-07 03:00:00+00:00,4.466666666666698
14919,2024-01-07 04:00:00+00:00,4.533333333333228
14920,2024-01-07 05:00:00+00:00,4.511111111111177
14921,2024-01-07 06:00:00+00:00,3.91111111111104
14922,2024-01-07 07:00:00+00:00,4.116666666666636
14923,2024-01-07 08:00:00+00:00,4.016666666666652
14924,2024-01-07 09:00:00+00:00,3.8277777777777056
14925,2024-01-07 10:00:00+00:00,3.872222222222263
14926,2024-01-07 11:00:00+00:00,3.977777777777798
14927,2024-01-07 12:00:00+00:00,3.861111111111086
14928,2024-01-07 13:00:00+00:00,3.738888888888823
14929,2024-01-07 14:00:00+00:00,3.7166666666666974
14930,2024-01-07 15:00:00+00:00,3.650000000000015
14931,2024-01-07 16:00:00+00:00,3.766666666666652
14932,2024-01-07 17:00:00+00:00,3.8111111111111313
14933,2024-01-07 18:00:00+00:00,3.772222222222202
14934,2024-01-07 19:00:00+00:00,3.472222222222248
14935,2024-01-07 20:00:00+00:00,3.8333333333333335
14936,2024-01-07 21:00:00+00:00,4.027777777777753
14937,2024-01-07 22:00:00+00:00,4.15555555555549
14938,2024-01-07 23:00:00+00:00,4.188888888888869
14939,2024-01-08 00:00:00+00:00,4.177777777777844
14940,2024-01-08 01:00:00+00:00,4.694444444444419
14941,2024-01-08 02:00:00+00:00,4.8166666666666815
14942,2024-01-08 03:00:00+00:00,4.605555555555536
14943,2024-01-08 04:00:00+00:00,4.677777777777844
14944,2024-01-08 05:00:00+00:00,4.877777777777737
14945,2024-01-08 06:00:00+00:00,5.199999999999969
14946,2024-01-08 07:00:00+00:00,5.183333333333319
14947,2024-01-08 08:00:00+00:00,4.855555555555536
14948,2024-01-08 09:00:00+00:00,4.855555555555536
14949,2024-01-08 10:00:00+00:00,4.833333333333333
14950,2024-01-08 11:00:00+00:00,4.816666666666606
14951,2024-01-08 12:00:00+00:00,4.777777777777753
14952,2024-01-08 13:00:00+00:00,4.822222222222156
14953,2024-01-08 14:00:00+00:00,4.800000000000031
14954,2024-01-08 15:00:00+00:00,4.883333333333364
14955,2024-01-08 16:00:00+00:00,4.994444444444373
14956,2024-01-08 17:00:00+00:00,5.055555555555581
14957,2024-01-08 18:00:00+00:00,4.994444444444373
14958,2024-01-08 19:00:00+00:00,4.955555555555596
14959,2024-01-08 20:00:00+00:00,5.033333333333302
14960,2024-01-08 21:00:00+00:00,5.03888888888893
14961,2024-01-08 22:00:00+00:00,5.644444444444464
14962,2024-01-08 23:00:00+00:00,5.772222222222202
14963,2024-01-09 00:00:00+00:00,5.716666666666697
14964,2024-01-09 01:00:00+00:00,5.561111111111131
14965,2024-01-09 02:00:00+00:00,5.616666666666636
14966,2024-01-09 03:00:00+00:00,5.616666666666636
14967,2024-01-09 04:00:00+00:00,5.58888888888896
14968,2024-01-09 05:00:00+00:00,5.555555555555581
14969,2024-01-09 06:00:00+00:00,5.533333333333228
14970,2024-01-09 07:00:00+00:00,5.533333333333228
14971,2024-01-09 08:00:00+00:00,5.516666666666652
14972,2024-01-09 09:00:00+00:00,5.511111111111177
14973,2024-01-09 10:00:00+00:00,5.494444444444373
14974,2024-01-09 11:00:00+00:00,5.477777777777798
14975,2024-01-09 12:00:00+00:00,5.416666666666667
14976,2024-01-09 13:00:00+00:00,5.372222222222263
14977,2024-01-09 14:00:00+00:00,5.333333333333333
14978,2024-01-09 15:00:00+00:00,5.372222222222187
14979,2024-01-09 16:00:00+00:00,5.388888888888914
14980,2024-01-09 17:00:00+00:00,5.3499999999999845
14981,2024-01-09 18:00:00+00:00,5.327777777777706
14982,2024-01-09 19:00:00+00:00,5.227777777777798
14983,2024-01-09 20:00:00+00:00,5.194444444444419
14984,2024-01-09 21:00:00+00:00,5.194444444444419
14985,2024-01-09 22:00:00+00:00,5.227777777777798
14986,2024-01-09 23:00:00+00:00,5.233333333333348
14987,2024-01-10 00:00:00+00:00,5.266666666666652
14988,2024-01-10 01:00:00+00:00,5.255555555555627
14989,2024-01-10 02:00:00+00:00,5.244444444444373
14990,2024-01-10 03:00:00+00:00,5.29444444444448
14991,2024-01-10 04:00:00+00:00,5.333333333333333
14992,2024-01-10 05:00:00+00:00,5.383333333333364
14993,2024-01-10 06:00:00+00:00,5.355555555555536
14994,2024-01-10 07:00:00+00:00,5.383333333333364
14995,2024-01-10 08:00:00+00:00,5.455555555555596
14996,2024-01-10 09:00:00+00:00,5.527777777777753
14997,2024-01-10 10:00:00+00:00,5.65555555555549
14998,2024-01-10 11:00:00+00:00,5.888888888888914
14999,2024-01-10 12:00:00+00:00,6.172222222222293
15000,2024-01-10 13:00:00+00:00,6.33888888888896
15001,2024-01-10 14:00:00+00:00,6.19999999999997
15002,2024-01-10 15:00:00+00:00,5.805555555555581
15003,2024-01-10 16:00:00+00:00,5.822222222222156
15004,2024-01-10 17:00:00+00:00,5.78888888888893
15005,2024-01-10 18:00:00+00:00,5.650000000000016
15006,2024-01-10 19:00:00+00:00,5.65555555555549
15007,2024-01-10 20:00:00+00:00,5.66111111111104
15008,2024-01-10 21:00:00+00:00,5.699999999999894
15009,2024-01-10 22:00:00+00:00,5.683333333333319
15010,2024-01-10 23:00:00+00:00,5.716666666666697
15011,2024-01-11 00:00:00+00:00,5.811111111111131
15012,2024-01-11 01:00:00+00:00,5.927777777777844
15013,2024-01-11 02:00:00+00:00,6.027777777777753
15014,2024-01-11 03:00:00+00:00,6.08888888888896
15015,2024-01-11 04:00:00+00:00,6.150000000000016
15016,2024-01-11 05:00:00+00:00,6.222222222222247
15017,2024-01-11 06:00:00+00:00,6.222222222222247
15018,2024-01-11 07:00:00+00:00,6.2277777777778
15019,2024-01-11 08:00:00+00:00,6.016666666666652
15020,2024-01-11 09:00:00+00:00,5.966666666666697
15021,2024-01-11 10:00:00+00:00,5.955555555555596
15022,2024-01-11 11:00:00+00:00,6.033333333333303
15023,2024-01-11 12:00:00+00:00,6.150000000000016
15024,2024-01-11 13:00:00+00:00,6.216666666666697
15025,2024-01-11 14:00:00+00:00,6.238888888888823
15026,2024-01-11 15:00:00+00:00,6.2277777777778
15027,2024-01-11 16:00:00+00:00,6.238888888888823
15028,2024-01-11 17:00:00+00:00,6.2333333333333485
15029,2024-01-11 18:00:00+00:00,6.2333333333333485
15030,2024-01-11 19:00:00+00:00,6.261111111111177
15031,2024-01-11 20:00:00+00:00,6.255555555555627
15032,2024-01-11 21:00:00+00:00,6.2333333333333485
15033,2024-01-11 22:00:00+00:00,6.238888888888823
15034,2024-01-11 23:00:00+00:00,6.238888888888823
15035,2024-01-12 00:00:00+00:00,6.25
15036,2024-01-12 01:00:00+00:00,6.383333333333364
15037,2024-01-12 02:00:00+00:00,6.494444444444373
15038,2024-01-12 03:00:00+00:00,6.8555555555555365
15039,2024-01-12 04:00:00+00:00,6.9611111111110695
15040,2024-01-12 05:00:00+00:00,7.033333333333303
15041,2024-01-12 06:00:00+00:00,6.527777777777753
15042,2024-01-12 07:00:00+00:00,6.433333333333319
15043,2024-01-12 08:00:00+00:00,6.516666666666652
15044,2024-01-12 09:00:00+00:00,6.622222222222263
15045,2024-01-12 10:00:00+00:00,6.705555555555596
15046,2024-01-12 11:00:00+00:00,6.8166666666666815
15047,2024-01-12 12:00:00+00:00,6.888888888888914
15048,2024-01-12 13:00:00+00:00,7.377777777777736
15049,2024-01-12 14:00:00+00:00,7.505555555555627
15050,2024-01-12 15:00:00+00:00,7.5222222222222035
15051,2024-01-12 16:00:00+00:00,7.305555555555581
15052,2024-01-12 17:00:00+00:00,7.08888888888896
15053,2024-01-12 18:00:00+00:00,6.738888888888823
15054,2024-01-12 19:00:00+00:00,6.611111111111086
15055,2024-01-12 20:00:00+00:00,6.561111111111134
15056,2024-01-12 21:00:00+00:00,6.4777777777778
15057,2024-01-12 22:00:00+00:00,6.4611111111110695
15058,2024-01-12 23:00:00+00:00,6.44999999999997
15059,2024-01-13 00:00:00+00:00,6.611111111111086
15060,2024-01-13 01:00:00+00:00,6.677777777777844
15061,2024-01-13 02:00:00+00:00,6.83888888888896
15062,2024-01-13 03:00:00+00:00,7.03888888888893
15063,2024-01-13 04:00:00+00:00,7.122222222222263
15064,2024-01-13 05:00:00+00:00,7.18888888888887
15065,2024-01-13 06:00:00+00:00,7.44999999999997
15066,2024-01-13 07:00:00+00:00,7.511111111111177
15067,2024-01-13 08:00:00+00:00,7.472222222222247
15068,2024-01-13 09:00:00+00:00,7.494444444444373
15069,2024-01-13 10:00:00+00:00,7.494444444444373
15070,2024-01-13 11:00:00+00:00,7.5166666666666515
15071,2024-01-13 12:00:00+00:00,7.5222222222222035
15072,2024-01-13 13:00:00+00:00,7.505555555555627
15073,2024-01-13 14:00:00+00:00,7.5
15074,2024-01-13 15:00:00+00:00,7.572222222222156
15075,2024-01-13 16:00:00+00:00,7.6833333333333185
15076,2024-01-13 17:00:00+00:00,7.43888888888887
15077,2024-01-13 18:00:00+00:00,7.361111111111086
15078,2024-01-13 19:00:00+00:00,7.311111111111134
15079,2024-01-13 20:00:00+00:00,7.3166666666666815
15080,2024-01-13 21:00:00+00:00,7.349999999999984
15081,2024-01-13 22:00:00+00:00,7.383333333333364
15082,2024-01-13 23:00:00+00:00,7.28888888888893
15083,2024-01-14 00:00:00+00:00,7.261111111111177
15084,2024-01-14 01:00:00+00:00,7.494444444444373
15085,2024-01-14 02:00:00+00:00,7.55000000000003
15086,2024-01-14 03:00:00+00:00,7.53888888888893
15087,2024-01-14 04:00:00+00:00,7.377777777777736
15088,2024-01-14 05:00:00+00:00,7.238888888888823
15089,2024-01-14 06:00:00+00:00,7.222222222222247
15090,2024-01-14 07:00:00+00:00,7.177777777777844
15091,2024-01-14 08:00:00+00:00,7.18888888888887
15092,2024-01-14 09:00:00+00:00,7.083333333333333
15093,2024-01-14 10:00:00+00:00,7.194444444444419
15094,2024-01-14 11:00:00+00:00,7.09444444444451
15095,2024-01-14 12:00:00+00:00,7.09444444444451
15096,2024-01-14 13:00:00+00:00,7.244444444444373
15097,2024-01-14 14:00:00+00:00,7.3166666666666815
15098,2024-01-14 15:00:00+00:00,7.111111111111086
15099,2024-01-14 16:00:00+00:00,6.922222222222293
15100,2024-01-14 17:00:00+00:00,6.611111111111086
15101,2024-01-14 18:00:00+00:00,6.455555555555596
15102,2024-01-14 19:00:00+00:00,6.833333333333333
15103,2024-01-14 20:00:00+00:00,6.638888888888914
15104,2024-01-14 21:00:00+00:00,6.361111111111086
15105,2024-01-14 22:00:00+00:00,6.427777777777844
15106,2024-01-14 23:00:00+00:00,6.43888888888887
15107,2024-01-15 00:00:00+00:00,6.7944444444444025
15108,2024-01-15 01:00:00+00:00,6.83888888888896
15109,2024-01-15 02:00:00+00:00,6.966666666666697
15110,2024-01-15 03:00:00+00:00,7.122222222222263
15111,2024-01-15 04:00:00+00:00,6.988888888888823
15112,2024-01-15 05:00:00+00:00,6.9777777777778
15113,2024-01-15 06:00:00+00:00,6.755555555555627
15114,2024-01-15 07:00:00+00:00,6.80000000000003
15115,2024-01-15 08:00:00+00:00,6.94999999999997
15116,2024-01-15 09:00:00+00:00,6.66111111111104
15117,2024-01-15 10:00:00+00:00,5.683333333333319
15118,2024-01-15 11:00:00+00:00,6.216666666666697
15119,2024-01-15 12:00:00+00:00,7.022222222222204
15120,2024-01-15 13:00:00+00:00,6.6277777777777365
15121,2024-01-15 14:00:00+00:00,7.0666666666666815
15122,2024-01-15 15:00:00+00:00,7.116666666666636
15123,2024-01-15 16:00:00+00:00,6.5999999999999845
15124,2024-01-15 17:00:00+00:00,6.194444444444419
15125,2024-01-15 18:00:00+00:00,6.0999999999999845
15126,2024-01-15 19:00:00+00:00,6.5
15127,2024-01-15 20:00:00+00:00,6.761111111111177
15128,2024-01-15 21:00:00+00:00,6.91111111111104
15129,2024-01-15 22:00:00+00:00,7.0666666666666815
15130,2024-01-15 23:00:00+00:00,7.150000000000016
15131,2024-01-16 00:00:00+00:00,7.0666666666666815
15132,2024-01-16 01:00:00+00:00,6.783333333333303
15133,2024-01-16 02:00:00+00:00,6.516666666666729
15134,2024-01-16 03:00:00+00:00,5.383333333333364
15135,2024-01-16 04:00:00+00:00,4.388888888888914
15136,2024-01-16 05:00:00+00:00,4.861111111111086
15137,2024-01-16 06:00:00+00:00,4.527777777777753
15138,2024-01-16 07:00:00+00:00,4.688888888888869
15139,2024-01-16 08:00:00+00:00,5.194444444444419
15140,2024-01-16 09:00:00+00:00,5.03888888888893
15141,2024-01-16 10:00:00+00:00,3.961111111111071
15142,2024-01-16 11:00:00+00:00,3.861111111111086
15143,2024-01-16 12:00:00+00:00,3.9277777777778433
15144,2024-01-16 13:00:00+00:00,3.872222222222263
15145,2024-01-16 14:00:00+00:00,3.8444444444445103
15146,2024-01-16 15:00:00+00:00,3.6944444444444193
15147,2024-01-16 16:00:00+00:00,3.75
15148,2024-01-16 17:00:00+00:00,3.822222222222308
15149,2024-01-16 18:00:00+00:00,3.949999999999969
15150,2024-01-16 19:00:00+00:00,3.9444444444444193
15151,2024-01-16 20:00:00+00:00,4.044444444444404
15152,2024-01-16 21:00:00+00:00,4.16111111111104
15153,2024-01-16 22:00:00+00:00,4.055555555555581
15154,2024-01-16 23:00:00+00:00,3.961111111111071
15155,2024-01-17 00:00:00+00:00,3.772222222222202
15156,2024-01-17 01:00:00+00:00,3.8222222222221567
15157,2024-01-17 02:00:00+00:00,4.027777777777753
15158,2024-01-17 03:00:00+00:00,4.449999999999969
15159,2024-01-17 04:00:00+00:00,4.099999999999985
15160,2024-01-17 05:00:00+00:00,3.8333333333333335
15161,2024-01-17 06:00:00+00:00,3.91111111111104
15162,2024-01-17 07:00:00+00:00,3.972222222222248
15163,2024-01-17 08:00:00+00:00,4.144444444444464
15164,2024-01-17 09:00:00+00:00,4.1722222222222936
15165,2024-01-17 10:00:00+00:00,4.072222222222156
15166,2024-01-17 11:00:00+00:00,4.583333333333333
15167,2024-01-17 12:00:00+00:00,4.949999999999969
15168,2024-01-17 13:00:00+00:00,5.0
15169,2024-01-17 14:00:00+00:00,5.900000000000016
15170,2024-01-17 15:00:00+00:00,5.722222222222247
15171,2024-01-17 16:00:00+00:00,4.727777777777798
15172,2024-01-17 17:00:00+00:00,4.305555555555581
15173,2024-01-17 18:00:00+00:00,4.811111111111131
15174,2024-01-17 19:00:00+00:00,5.227777777777798
15175,2024-01-17 20:00:00+00:00,5.433333333333319
15176,2024-01-17 21:00:00+00:00,5.827777777777707
15177,2024-01-17 22:00:00+00:00,5.944444444444419
15178,2024-01-17 23:00:00+00:00,6.150000000000016
15179,2024-01-18 00:00:00+00:00,6.400000000000016
15180,2024-01-18 01:00:00+00:00,6.422222222222293
15181,2024-01-18 02:00:00+00:00,6.43888888888887
15182,2024-01-18 03:00:00+00:00,6.455555555555596
15183,2024-01-18 04:00:00+00:00,6.44999999999997
15184,2024-01-18 05:00:00+00:00,6.311111111111134
15185,2024-01-18 06:00:00+00:00,6.366666666666636
15186,2024-01-18 07:00:00+00:00,6.400000000000016
15187,2024-01-18 08:00:00+00:00,6.455555555555596
15188,2024-01-18 09:00:00+00:00,6.516666666666652
15189,2024-01-18 10:00:00+00:00,6.305555555555581
15190,2024-01-18 11:00:00+00:00,6.144444444444467
15191,2024-01-18 12:00:00+00:00,5.3499999999999845
15192,2024-01-18 13:00:00+00:00,5.122222222222263
15193,2024-01-18 14:00:00+00:00,4.966666666666698
15194,2024-01-18 15:00:00+00:00,4.016666666666652
15195,2024-01-18 16:00:00+00:00,3.1333333333333644
15196,2024-01-18 17:00:00+00:00,4.005555555555627
15197,2024-01-18 18:00:00+00:00,3.3055555555555807
15198,2024-01-18 19:00:00+00:00,3.544444444444404
15199,2024-01-18 20:00:00+00:00,3.372222222222262
15200,2024-01-18 21:00:00+00:00,3.755555555555627
15201,2024-01-18 22:00:00+00:00,4.355555555555536
15202,2024-01-18 23:00:00+00:00,4.322222222222156
15203,2024-01-19 00:00:00+00:00,4.105555555555536
15204,2024-01-19 01:00:00+00:00,4.205555555555596
15205,2024-01-19 02:00:00+00:00,4.505555555555627
15206,2024-01-19 03:00:00+00:00,4.394444444444464
15207,2024-01-19 04:00:00+00:00,4.16111111111104
15208,2024-01-19 05:00:00+00:00,3.949999999999969
15209,2024-01-19 06:00:00+00:00,5.283333333333302
15210,2024-01-19 07:00:00+00:00,5.122222222222263
15211,2024-01-19 08:00:00+00:00,4.722222222222247
15212,2024-01-19 09:00:00+00:00,4.433333333333319
15213,2024-01-19 10:00:00+00:00,4.21111111111107
15214,2024-01-19 11:00:00+00:00,4.1722222222222936
15215,2024-01-19 12:00:00+00:00,4.994444444444373
15216,2024-01-19 13:00:00+00:00,5.572222222222156
15217,2024-01-19 14:00:00+00:00,5.533333333333303
15218,2024-01-19 15:00:00+00:00,5.722222222222247
15219,2024-01-19 16:00:00+00:00,5.955555555555596
15220,2024-01-19 17:00:00+00:00,5.955555555555596
15221,2024-01-19 18:00:00+00:00,5.427777777777844
15222,2024-01-19 19:00:00+00:00,5.244444444444373
15223,2024-01-19 20:00:00+00:00,5.25
15224,2024-01-19 21:00:00+00:00,5.41111111111104
15225,2024-01-19 22:00:00+00:00,5.4833333333333485
15226,2024-01-19 23:00:00+00:00,4.777777777777753
15227,2024-01-20 00:00:00+00:00,5.116666666666636
15228,2024-01-20 01:00:00+00:00,4.949999999999969
15229,2024-01-20 02:00:00+00:00,3.544444444444404
15230,2024-01-20 03:00:00+00:00,3.25
15231,2024-01-20 04:00:00+00:00,3.1722222222222936
15232,2024-01-20 05:00:00+00:00,2.0944444444445103
15233,2024-01-20 06:00:00+00:00,1.2444444444443736
15234,2024-01-20 07:00:00+00:00,1.4499999999999698
15235,2024-01-20 08:00:00+00:00,1.8499999999999848
15236,2024-01-20 09:00:00+00:00,1.6833333333333182
15237,2024-01-20 10:00:00+00:00,3.255555555555627
15238,2024-01-20 11:00:00+00:00,0.8722222222222626
15239,2024-01-20 12:00:00+00:00,1.216666666666697
15240,2024-01-20 13:00:00+00:00,1.966666666666697
15241,2024-01-20 14:00:00+00:00,2.172222222222293
15242,2024-01-20 15:00:00+00:00,3.294444444444404
15243,2024-01-20 16:00:00+00:00,2.961111111111071
15244,2024-01-20 17:00:00+00:00,3.238888888888823
15245,2024-01-20 18:00:00+00:00,4.205555555555596
15246,2024-01-20 19:00:00+00:00,4.188888888888869
15247,2024-01-20 20:00:00+00:00,3.4388888888888687
15248,2024-01-20 21:00:00+00:00,3.466666666666697
15249,2024-01-20 22:00:00+00:00,3.433333333333319
15250,2024-01-20 23:00:00+00:00,4.327777777777706
15251,2024-01-21 00:00:00+00:00,4.966666666666698
15252,2024-01-21 01:00:00+00:00,4.0
15253,2024-01-21 02:00:00+00:00,4.5888888888889605
15254,2024-01-21 03:00:00+00:00,4.216666666666698
15255,2024-01-21 04:00:00+00:00,3.75
15256,2024-01-21 05:00:00+00:00,3.599999999999985
15257,2024-01-21 06:00:00+00:00,4.011111111111177
15258,2024-01-21 07:00:00+00:00,4.988888888888823
15259,2024-01-21 08:00:00+00:00,5.472222222222247
15260,2024-01-21 09:00:00+00:00,4.644444444444464
15261,2024-01-21 10:00:00+00:00,4.355555555555536
15262,2024-01-21 11:00:00+00:00,4.638888888888914
15263,2024-01-21 12:00:00+00:00,5.138888888888914
15264,2024-01-21 13:00:00+00:00,6.05000000000003
15265,2024-01-21 14:00:00+00:00,6.944444444444419
15266,2024-01-21 15:00:00+00:00,7.43888888888887
15267,2024-01-21 16:00:00+00:00,7.5166666666666515
15268,2024-01-21 17:00:00+00:00,7.494444444444373
15269,2024-01-21 18:00:00+00:00,7.311111111111134
15270,2024-01-21 19:00:00+00:00,7.416666666666667
15271,2024-01-21 20:00:00+00:00,7.561111111111134
15272,2024-01-21 21:00:00+00:00,5.988888888888823
15273,2024-01-21 22:00:00+00:00,4.916666666666667
15274,2024-01-21 23:00:00+00:00,4.894444444444464
15275,2024-01-22 00:00:00+00:00,3.933333333333319
15276,2024-01-22 01:00:00+00:00,3.6888888888888687
15277,2024-01-22 02:00:00+00:00,3.6944444444444193
15278,2024-01-22 03:00:00+00:00,3.816666666666681
15279,2024-01-22 04:00:00+00:00,3.8111111111111313
15280,2024-01-22 05:00:00+00:00,4.222222222222247
15281,2024-01-22 06:00:00+00:00,5.1722222222222936
15282,2024-01-22 07:00:00+00:00,6.28888888888893
15283,2024-01-22 08:00:00+00:00,6.827777777777707
15284,2024-01-22 09:00:00+00:00,6.9611111111110695
15285,2024-01-22 10:00:00+00:00,7.1277777777777365
15286,2024-01-22 11:00:00+00:00,7.311111111111134
15287,2024-01-22 12:00:00+00:00,7.44999999999997
15288,2024-01-22 13:00:00+00:00,7.55000000000003
15289,2024-01-22 14:00:00+00:00,7.577777777777707
15290,2024-01-22 15:00:00+00:00,7.422222222222293
15291,2024-01-22 16:00:00+00:00,7.400000000000015
15292,2024-01-22 17:00:00+00:00,7.116666666666636
15293,2024-01-22 18:00:00+00:00,4.966666666666698
15294,2024-01-22 19:00:00+00:00,4.766666666666652
15295,2024-01-22 20:00:00+00:00,4.738888888888823
15296,2024-01-22 21:00:00+00:00,5.46111111111107
15297,2024-01-22 22:00:00+00:00,6.3777777777777365
15298,2024-01-22 23:00:00+00:00,5.933333333333319
15299,2024-01-23 00:00:00+00:00,4.949999999999969
15300,2024-01-23 01:00:00+00:00,4.644444444444464
15301,2024-01-23 02:00:00+00:00,4.650000000000015
15302,2024-01-23 03:00:00+00:00,4.616666666666636
15303,2024-01-23 04:00:00+00:00,4.46111111111107
15304,2024-01-23 05:00:00+00:00,4.366666666666636
15305,2024-01-23 06:00:00+00:00,4.522222222222202
15306,2024-01-23 07:00:00+00:00,4.727777777777798
15307,2024-01-23 08:00:00+00:00,4.977777777777798
15308,2024-01-23 09:00:00+00:00,5.055555555555581
15309,2024-01-23 10:00:00+00:00,5.03888888888893
15310,2024-01-23 11:00:00+00:00,5.0
15311,2024-01-23 12:00:00+00:00,5.0
15312,2024-01-23 13:00:00+00:00,5.033333333333228
15313,2024-01-23 14:00:00+00:00,5.050000000000031
15314,2024-01-23 15:00:00+00:00,5.077777777777706
15315,2024-01-23 16:00:00+00:00,5.138888888888914
15316,2024-01-23 17:00:00+00:00,5.138888888888914
15317,2024-01-23 18:00:00+00:00,5.133333333333439
15318,2024-01-23 19:00:00+00:00,5.133333333333439
15319,2024-01-23 20:00:00+00:00,5.111111111111086
15320,2024-01-23 21:00:00+00:00,5.0666666666666815
15321,2024-01-23 22:00:00+00:00,4.8388888888889605
15322,2024-01-23 23:00:00+00:00,4.522222222222202
15323,2024-01-24 00:00:00+00:00,4.699999999999969
15324,2024-01-24 01:00:00+00:00,4.78888888888893
15325,2024-01-24 02:00:00+00:00,4.888888888888914
15326,2024-01-24 03:00:00+00:00,4.888888888888914
15327,2024-01-24 04:00:00+00:00,4.966666666666698
15328,2024-01-24 05:00:00+00:00,4.983333333333348
15329,2024-01-24 06:00:00+00:00,5.050000000000031
15330,2024-01-24 07:00:00+00:00,5.072222222222156
15331,2024-01-24 08:00:00+00:00,5.038888888888853
15332,2024-01-24 09:00:00+00:00,5.09444444444451
15333,2024-01-24 10:00:00+00:00,5.055555555555581
15334,2024-01-24 11:00:00+00:00,5.055555555555581
15335,2024-01-24 12:00:00+00:00,5.0
15336,2024-01-24 13:00:00+00:00,5.005555555555627
15337,2024-01-24 14:00:00+00:00,5.227777777777798
15338,2024-01-24 15:00:00+00:00,5.311111111111131
15339,2024-01-24 16:00:00+00:00,5.205555555555596
15340,2024-01-24 17:00:00+00:00,5.083333333333333
15341,2024-01-24 18:00:00+00:00,5.127777777777813
15342,2024-01-24 19:00:00+00:00,5.133333333333439
15343,2024-01-24 20:00:00+00:00,5.111111111111086
15344,2024-01-24 21:00:00+00:00,5.09444444444451
15345,2024-01-24 22:00:00+00:00,5.083333333333333
15346,2024-01-24 23:00:00+00:00,5.0666666666666815
15347,2024-01-25 00:00:00+00:00,5.133333333333439
15348,2024-01-25 01:00:00+00:00,5.0
15349,2024-01-25 02:00:00+00:00,4.972222222222247
15350,2024-01-25 03:00:00+00:00,5.083333333333333
15351,2024-01-25 04:00:00+00:00,5.16111111111104
15352,2024-01-25 05:00:00+00:00,5.09444444444451
15353,2024-01-25 06:00:00+00:00,4.983333333333348
15354,2024-01-25 07:00:00+00:00,4.872222222222263
15355,2024-01-25 08:00:00+00:00,4.849999999999985
15356,2024-01-25 09:00:00+00:00,4.888888888888914
15357,2024-01-25 10:00:00+00:00,4.977777777777798
15358,2024-01-25 11:00:00+00:00,4.977777777777798
15359,2024-01-25 12:00:00+00:00,4.949999999999969
15360,2024-01-25 13:00:00+00:00,4.9666666666667725
15361,2024-01-25 14:00:00+00:00,4.9666666666667725
15362,2024-01-25 15:00:00+00:00,4.933333333333319
15363,2024-01-25 16:00:00+00:00,4.933333333333319
15364,2024-01-25 17:00:00+00:00,4.877777777777737
15365,2024-01-25 18:00:00+00:00,4.849999999999985
15366,2024-01-25 19:00:00+00:00,4.855555555555536
15367,2024-01-25 20:00:00+00:00,4.933333333333319
15368,2024-01-25 21:00:00+00:00,4.949999999999969
15369,2024-01-25 22:00:00+00:00,4.84444444444451
15370,2024-01-25 23:00:00+00:00,4.755555555555627
15371,2024-01-26 00:00:00+00:00,4.777777777777753
15372,2024-01-26 01:00:00+00:00,4.65555555555549
15373,2024-01-26 02:00:00+00:00,4.677777777777844
15374,2024-01-26 03:00:00+00:00,4.772222222222202
15375,2024-01-26 04:00:00+00:00,4.800000000000031
15376,2024-01-26 05:00:00+00:00,4.944444444444419
15377,2024-01-26 06:00:00+00:00,5.011111111111177
15378,2024-01-26 07:00:00+00:00,5.050000000000031
15379,2024-01-26 08:00:00+00:00,5.0666666666666815
15380,2024-01-26 09:00:00+00:00,5.099999999999985
15381,2024-01-26 10:00:00+00:00,5.077777777777706
15382,2024-01-26 11:00:00+00:00,5.0666666666666815
15383,2024-01-26 12:00:00+00:00,5.09444444444451
15384,2024-01-26 13:00:00+00:00,5.099999999999985
15385,2024-01-26 14:00:00+00:00,5.122222222222263
15386,2024-01-26 15:00:00+00:00,5.21111111111107
15387,2024-01-26 16:00:00+00:00,5.272222222222202
15388,2024-01-26 17:00:00+00:00,5.244444444444373
15389,2024-01-26 18:00:00+00:00,5.199999999999969
15390,2024-01-26 19:00:00+00:00,5.133333333333364
15391,2024-01-26 20:00:00+00:00,5.188888888888869
15392,2024-01-26 21:00:00+00:00,5.227777777777798
15393,2024-01-26 22:00:00+00:00,5.16111111111104
15394,2024-01-26 23:00:00+00:00,5.099999999999985
15395,2024-01-27 00:00:00+00:00,5.127777777777813
15396,2024-01-27 01:00:00+00:00,5.133333333333439
15397,2024-01-27 02:00:00+00:00,5.166666666666667
15398,2024-01-27 03:00:00+00:00,5.166666666666667
15399,2024-01-27 04:00:00+00:00,5.205555555555596
15400,2024-01-27 05:00:00+00:00,5.255555555555627
15401,2024-01-27 06:00:00+00:00,5.261111111111177
15402,2024-01-27 07:00:00+00:00,5.261111111111177
15403,2024-01-27 08:00:00+00:00,5.188888888888869
15404,2024-01-27 09:00:00+00:00,5.044444444444404
15405,2024-01-27 10:00:00+00:00,5.077777777777706
15406,2024-01-27 11:00:00+00:00,5.144444444444464
15407,2024-01-27 12:00:00+00:00,5.1722222222222936
15408,2024-01-27 13:00:00+00:00,5.166666666666667
15409,2024-01-27 14:00:00+00:00,5.183333333333319
15410,2024-01-27 15:00:00+00:00,5.1722222222222936
15411,2024-01-27 16:00:00+00:00,5.199999999999894
15412,2024-01-27 17:00:00+00:00,5.194444444444419
15413,2024-01-27 18:00:00+00:00,5.166666666666667
15414,2024-01-27 19:00:00+00:00,5.150000000000015
15415,2024-01-27 20:00:00+00:00,5.116666666666636
15416,2024-01-27 21:00:00+00:00,5.166666666666667
15417,2024-01-27 22:00:00+00:00,5.205555555555596
15418,2024-01-27 23:00:00+00:00,5.083333333333333
15419,2024-01-28 00:00:00+00:00,5.138888888888914
15420,2024-01-28 01:00:00+00:00,5.261111111111177
15421,2024-01-28 02:00:00+00:00,5.300000000000106
15422,2024-01-28 03:00:00+00:00,5.28888888888893
15423,2024-01-28 04:00:00+00:00,5.255555555555627
15424,2024-01-28 05:00:00+00:00,5.194444444444419
15425,2024-01-28 06:00:00+00:00,5.166666666666667
15426,2024-01-28 07:00:00+00:00,5.166666666666667
15427,2024-01-28 08:00:00+00:00,5.15555555555549
15428,2024-01-28 09:00:00+00:00,5.15555555555549
15429,2024-01-28 10:00:00+00:00,5.16111111111104
15430,2024-01-28 11:00:00+00:00,5.055555555555581
15431,2024-01-28 12:00:00+00:00,5.099999999999985
15432,2024-01-28 13:00:00+00:00,5.111111111111086
15433,2024-01-28 14:00:00+00:00,5.16111111111104
15434,2024-01-28 15:00:00+00:00,5.166666666666667
15435,2024-01-28 16:00:00+00:00,5.194444444444419
15436,2024-01-28 17:00:00+00:00,5.227777777777798
15437,2024-01-28 18:00:00+00:00,5.266666666666652
15438,2024-01-28 19:00:00+00:00,5.266666666666652
15439,2024-01-28 20:00:00+00:00,5.283333333333302
15440,2024-01-28 21:00:00+00:00,5.300000000000106
15441,2024-01-28 22:00:00+00:00,5.283333333333302
15442,2024-01-28 23:00:00+00:00,5.311111111111131
15443,2024-01-29 00:00:00+00:00,5.372222222222263
15444,2024-01-29 01:00:00+00:00,5.400000000000016
15445,2024-01-29 02:00:00+00:00,5.433333333333319
15446,2024-01-29 03:00:00+00:00,5.427777777777844
15447,2024-01-29 04:00:00+00:00,5.488888888888823
15448,2024-01-29 05:00:00+00:00,5.4666666666667725
15449,2024-01-29 06:00:00+00:00,5.433333333333319
15450,2024-01-29 07:00:00+00:00,5.427777777777844
15451,2024-01-29 08:00:00+00:00,5.416666666666667
15452,2024-01-29 09:00:00+00:00,5.527777777777753
15453,2024-01-29 10:00:00+00:00,5.59444444444451
15454,2024-01-29 11:00:00+00:00,5.633333333333364
15455,2024-01-29 12:00:00+00:00,5.855555555555536
15456,2024-01-29 13:00:00+00:00,6.005555555555627
15457,2024-01-29 14:00:00+00:00,6.0444444444444025
15458,2024-01-29 15:00:00+00:00,6.011111111111177
15459,2024-01-29 16:00:00+00:00,5.900000000000016
15460,2024-01-29 17:00:00+00:00,5.822222222222156
15461,2024-01-29 18:00:00+00:00,5.772222222222202
15462,2024-01-29 19:00:00+00:00,5.65555555555549
15463,2024-01-29 20:00:00+00:00,5.577777777777707
15464,2024-01-29 21:00:00+00:00,5.616666666666636
15465,2024-01-29 22:00:00+00:00,5.59444444444451
15466,2024-01-29 23:00:00+00:00,5.59444444444451
15467,2024-01-30 00:00:00+00:00,5.55000000000003
15468,2024-01-30 01:00:00+00:00,5.55000000000003
15469,2024-01-30 02:00:00+00:00,5.555555555555581
15470,2024-01-30 03:00:00+00:00,5.622222222222263
15471,2024-01-30 04:00:00+00:00,5.633333333333439
15472,2024-01-30 05:00:00+00:00,5.616666666666636
15473,2024-01-30 06:00:00+00:00,5.5999999999999845
15474,2024-01-30 07:00:00+00:00,5.561111111111131
15475,2024-01-30 08:00:00+00:00,5.527777777777753
15476,2024-01-30 09:00:00+00:00,5.533333333333228
15477,2024-01-30 10:00:00+00:00,5.533333333333228
15478,2024-01-30 11:00:00+00:00,5.522222222222202
15479,2024-01-30 12:00:00+00:00,5.472222222222247
15480,2024-01-30 13:00:00+00:00,5.533333333333303
15481,2024-01-30 14:00:00+00:00,5.744444444444373
15482,2024-01-30 15:00:00+00:00,5.444444444444419
15483,2024-01-30 16:00:00+00:00,5.277777777777753
15484,2024-01-30 17:00:00+00:00,5.327777777777706
15485,2024-01-30 18:00:00+00:00,5.3499999999999845
15486,2024-01-30 19:00:00+00:00,5.327777777777706
15487,2024-01-30 20:00:00+00:00,5.311111111111131
15488,2024-01-30 21:00:00+00:00,5.327777777777706
15489,2024-01-30 22:00:00+00:00,5.327777777777706
15490,2024-01-30 23:00:00+00:00,5.29444444444448
15491,2024-01-31 00:00:00+00:00,5.133333333333364
15492,2024-01-31 01:00:00+00:00,5.0888888888889605
15493,2024-01-31 02:00:00+00:00,5.111111111111086
15494,2024-01-31 03:00:00+00:00,5.111111111111086
15495,2024-01-31 04:00:00+00:00,5.333333333333333
15496,2024-01-31 05:00:00+00:00,5.555555555555581
15497,2024-01-31 06:00:00+00:00,5.622222222222263
15498,2024-01-31 07:00:00+00:00,5.34444444444451
15499,2024-01-31 08:00:00+00:00,5.199999999999969
15500,2024-01-31 09:00:00+00:00,5.427777777777844
15501,2024-01-31 10:00:00+00:00,5.366666666666636
15502,2024-01-31 11:00:00+00:00,5.266666666666652
15503,2024-01-31 12:00:00+00:00,5.277777777777753
15504,2024-01-31 13:00:00+00:00,5.40555555555549
15505,2024-01-31 14:00:00+00:00,5.494444444444373
15506,2024-01-31 15:00:00+00:00,5.761111111111177
15507,2024-01-31 16:00:00+00:00,5.883333333333364
15508,2024-01-31 17:00:00+00:00,5.966666666666697
15509,2024-01-31 18:00:00+00:00,6.016666666666652
15510,2024-01-31 19:00:00+00:00,6.0999999999999845
15511,2024-01-31 20:00:00+00:00,6.205555555555596
15512,2024-01-31 21:00:00+00:00,6.272222222222204
15513,2024-01-31 22:00:00+00:00,6.488888888888823
15514,2024-01-31 23:00:00+00:00,6.40555555555549
15515,2024-02-01 00:00:00+00:00,6.3555555555555365
15516,2024-02-01 01:00:00+00:00,6.4833333333333485
15517,2024-02-01 02:00:00+00:00,6.616666666666636
15518,2024-02-01 03:00:00+00:00,6.84444444444451
15519,2024-02-01 04:00:00+00:00,7.150000000000016
15520,2024-02-01 05:00:00+00:00,7.166666666666667
15521,2024-02-01 06:00:00+00:00,7.1055555555555365
15522,2024-02-01 07:00:00+00:00,7.122222222222263
15523,2024-02-01 08:00:00+00:00,7.133333333333439
15524,2024-02-01 09:00:00+00:00,7.111111111111086
15525,2024-02-01 10:00:00+00:00,7.0999999999999845
15526,2024-02-01 11:00:00+00:00,7.0999999999999845
15527,2024-02-01 12:00:00+00:00,7.0666666666666815
15528,2024-02-01 13:00:00+00:00,7.0666666666666815
15529,2024-02-01 14:00:00+00:00,7.05000000000003
15530,2024-02-01 15:00:00+00:00,7.0
15531,2024-02-01 16:00:00+00:00,6.988888888888823
15532,2024-02-01 17:00:00+00:00,6.9666666666667725
15533,2024-02-01 18:00:00+00:00,6.944444444444419
15534,2024-02-01 19:00:00+00:00,6.94999999999997
15535,2024-02-01 20:00:00+00:00,6.972222222222247
15536,2024-02-01 21:00:00+00:00,6.933333333333319
15537,2024-02-01 22:00:00+00:00,6.900000000000016
15538,2024-02-01 23:00:00+00:00,6.900000000000016
15539,2024-02-02 00:00:00+00:00,6.883333333333364
15540,2024-02-02 01:00:00+00:00,6.833333333333333
15541,2024-02-02 02:00:00+00:00,6.772222222222204
15542,2024-02-02 03:00:00+00:00,6.68888888888887
15543,2024-02-02 04:00:00+00:00,6.68888888888887
15544,2024-02-02 05:00:00+00:00,6.644444444444467
15545,2024-02-02 06:00:00+00:00,6.611111111111086
15546,2024-02-02 07:00:00+00:00,6.527777777777753
15547,2024-02-02 08:00:00+00:00,6.539999999999964
15548,2024-02-02 09:00:00+00:00,6.622222222222263
15549,2024-02-02 10:00:00+00:00,6.666666666666667
15550,2024-02-02 11:00:00+00:00,6.716666666666697
15551,2024-02-02 12:00:00+00:00,6.7
15552,2024-02-02 13:00:00+00:00,6.683333333333319
15553,2024-02-02 14:00:00+00:00,6.705555555555596
15554,2024-02-02 15:00:00+00:00,6.822222222222156
15555,2024-02-02 16:00:00+00:00,6.8499999999999845
15556,2024-02-02 17:00:00+00:00,6.9777777777778
15557,2024-02-02 18:00:00+00:00,7.016666666666652
15558,2024-02-02 19:00:00+00:00,7.0
15559,2024-02-02 20:00:00+00:00,7.038888888888853
15560,2024-02-02 21:00:00+00:00,7.033333333333228
15561,2024-02-02 22:00:00+00:00,7.0666666666666815
15562,2024-02-02 23:00:00+00:00,7.138888888888914
15563,2024-02-03 00:00:00+00:00,7.194444444444419
15564,2024-02-03 01:00:00+00:00,7.238888888888823
15565,2024-02-03 02:00:00+00:00,7.261111111111177
15566,2024-02-03 03:00:00+00:00,7.255555555555627
15567,2024-02-03 04:00:00+00:00,7.244444444444373
15568,2024-02-03 05:00:00+00:00,7.238888888888823
15569,2024-02-03 06:00:00+00:00,7.20555555555552
15570,2024-02-03 07:00:00+00:00,7.222222222222247
15571,2024-02-03 08:00:00+00:00,7.233333333333348
15572,2024-02-03 09:00:00+00:00,7.255555555555627
15573,2024-02-03 10:00:00+00:00,7.2666666666666515
15574,2024-02-03 11:00:00+00:00,7.16111111111104
15575,2024-02-03 12:00:00+00:00,7.077777777777707
15576,2024-02-03 13:00:00+00:00,7.09444444444451
15577,2024-02-03 14:00:00+00:00,7.166666666666667
15578,2024-02-03 15:00:00+00:00,7.238888888888823
15579,2024-02-03 16:00:00+00:00,7.305555555555581
15580,2024-02-03 17:00:00+00:00,7.333333333333333
15581,2024-02-03 18:00:00+00:00,7.349999999999984
15582,2024-02-03 19:00:00+00:00,7.366666666666561
15583,2024-02-03 20:00:00+00:00,7.366666666666561
15584,2024-02-03 21:00:00+00:00,7.322222222222156
15585,2024-02-03 22:00:00+00:00,7.2666666666666515
15586,2024-02-03 23:00:00+00:00,7.255555555555627
15587,2024-02-04 00:00:00+00:00,7.255555555555627
15588,2024-02-04 01:00:00+00:00,7.25
15589,2024-02-04 02:00:00+00:00,7.28888888888893
15590,2024-02-04 03:00:00+00:00,7.327777777777707
15591,2024-02-04 04:00:00+00:00,7.33888888888896
15592,2024-02-04 05:00:00+00:00,7.277777777777753
15593,2024-02-04 06:00:00+00:00,7.172222222222293
15594,2024-02-04 07:00:00+00:00,7.1055555555555365
15595,2024-02-04 08:00:00+00:00,7.1055555555555365
15596,2024-02-04 09:00:00+00:00,7.122222222222263
15597,2024-02-04 10:00:00+00:00,7.122222222222263
15598,2024-02-04 11:00:00+00:00,7.122222222222263
15599,2024-02-04 12:00:00+00:00,7.08888888888896
15600,2024-02-04 13:00:00+00:00,7.08888888888896
15601,2024-02-04 14:00:00+00:00,7.072222222222156
15602,2024-02-04 15:00:00+00:00,7.038888888888853
15603,2024-02-04 16:00:00+00:00,7.022222222222204
15604,2024-02-04 17:00:00+00:00,6.822222222222156
15605,2024-02-04 18:00:00+00:00,6.494444444444373
15606,2024-02-04 19:00:00+00:00,6.472222222222247
15607,2024-02-04 20:00:00+00:00,6.58888888888896
15608,2024-02-04 21:00:00+00:00,6.672222222222293
15609,2024-02-04 22:00:00+00:00,6.755555555555627
15610,2024-02-04 23:00:00+00:00,6.777777777777753
15611,2024-02-05 00:00:00+00:00,6.66111111111104
15612,2024-02-05 01:00:00+00:00,6.7277777777778
15613,2024-02-05 02:00:00+00:00,6.766666666666652
15614,2024-02-05 03:00:00+00:00,6.84444444444451
15615,2024-02-05 04:00:00+00:00,6.966666666666697
15616,2024-02-05 05:00:00+00:00,7.033333333333303
15617,2024-02-05 06:00:00+00:00,7.222222222222247
15618,2024-02-05 07:00:00+00:00,7.033333333333303
15619,2024-02-05 08:00:00+00:00,6.988888888888823
15620,2024-02-05 09:00:00+00:00,7.18888888888887
15621,2024-02-05 10:00:00+00:00,7.222222222222247
15622,2024-02-05 11:00:00+00:00,7.15555555555549
15623,2024-02-05 12:00:00+00:00,7.261111111111177
15624,2024-02-05 13:00:00+00:00,7.277777777777753
15625,2024-02-05 14:00:00+00:00,7.19999999999997
15626,2024-02-05 15:00:00+00:00,7.144444444444467
15627,2024-02-05 16:00:00+00:00,7.122222222222263
15628,2024-02-05 17:00:00+00:00,7.0
15629,2024-02-05 18:00:00+00:00,6.872222222222263
15630,2024-02-05 19:00:00+00:00,6.805555555555581
15631,2024-02-05 20:00:00+00:00,6.827777777777707
15632,2024-02-05 21:00:00+00:00,6.666666666666667
15633,2024-02-05 22:00:00+00:00,6.638888888888914
15634,2024-02-05 23:00:00+00:00,6.611111111111086
15635,2024-02-06 00:00:00+00:00,6.522222222222204
15636,2024-02-06 01:00:00+00:00,6.666666666666667
15637,2024-02-06 02:00:00+00:00,6.755555555555627
15638,2024-02-06 03:00:00+00:00,6.772222222222204
15639,2024-02-06 04:00:00+00:00,6.59444444444451
15640,2024-02-06 05:00:00+00:00,6.5666666666666815
15641,2024-02-06 06:00:00+00:00,6.583333333333333
15642,2024-02-06 07:00:00+00:00,6.683333333333319
15643,2024-02-06 08:00:00+00:00,6.75
15644,2024-02-06 09:00:00+00:00,6.53888888888893
15645,2024-02-06 10:00:00+00:00,6.433333333333319
15646,2024-02-06 11:00:00+00:00,6.65555555555549
15647,2024-02-06 12:00:00+00:00,6.66111111111104
15648,2024-02-06 13:00:00+00:00,6.383333333333364
15649,2024-02-06 14:00:00+00:00,6.3777777777777365
15650,2024-02-06 15:00:00+00:00,6.466666666666697
15651,2024-02-06 16:00:00+00:00,6.683333333333319
15652,2024-02-06 17:00:00+00:00,6.861111111111086
15653,2024-02-06 18:00:00+00:00,6.91111111111104
15654,2024-02-06 19:00:00+00:00,6.8166666666666815
15655,2024-02-06 20:00:00+00:00,6.572222222222156
15656,2024-02-06 21:00:00+00:00,6.522222222222204
15657,2024-02-06 22:00:00+00:00,6.527777777777753
15658,2024-02-06 23:00:00+00:00,6.572222222222156
15659,2024-02-07 00:00:00+00:00,6.59444444444451
15660,2024-02-07 01:00:00+00:00,6.5444444444444025
15661,2024-02-07 02:00:00+00:00,6.055555555555581
15662,2024-02-07 03:00:00+00:00,5.977777777777798
15663,2024-02-07 04:00:00+00:00,6.2111111111110695
15664,2024-02-07 05:00:00+00:00,6.383333333333364
15665,2024-02-07 06:00:00+00:00,6.400000000000016
15666,2024-02-07 07:00:00+00:00,6.43888888888887
15667,2024-02-07 08:00:00+00:00,6.5444444444444025
15668,2024-02-07 09:00:00+00:00,6.705555555555596
15669,2024-02-07 10:00:00+00:00,6.7944444444444025
15670,2024-02-07 11:00:00+00:00,6.84444444444451
15671,2024-02-07 12:00:00+00:00,6.8499999999999845
15672,2024-02-07 13:00:00+00:00,6.772222222222204
15673,2024-02-07 14:00:00+00:00,6.44999999999997
15674,2024-02-07 15:00:00+00:00,6.583333333333333
15675,2024-02-07 16:00:00+00:00,5.372222222222263
15676,2024-02-07 17:00:00+00:00,4.983333333333348
15677,2024-02-07 18:00:00+00:00,4.344444444444359
15678,2024-02-07 19:00:00+00:00,4.561111111111131
15679,2024-02-07 20:00:00+00:00,4.677777777777844
15680,2024-02-07 21:00:00+00:00,4.738888888888823
15681,2024-02-07 22:00:00+00:00,4.800000000000031
15682,2024-02-07 23:00:00+00:00,4.849999999999985
15683,2024-02-08 00:00:00+00:00,5.0
15684,2024-02-08 01:00:00+00:00,4.833333333333333
15685,2024-02-08 02:00:00+00:00,4.883333333333364
15686,2024-02-08 03:00:00+00:00,5.027777777777753
15687,2024-02-08 04:00:00+00:00,5.044444444444404
15688,2024-02-08 05:00:00+00:00,5.305555555555581
15689,2024-02-08 06:00:00+00:00,5.377777777777737
15690,2024-02-08 07:00:00+00:00,5.388888888888914
15691,2024-02-08 08:00:00+00:00,5.177777777777844
15692,2024-02-08 09:00:00+00:00,5.077777777777706
15693,2024-02-08 10:00:00+00:00,5.188888888888869
15694,2024-02-08 11:00:00+00:00,4.866666666666636
15695,2024-02-08 12:00:00+00:00,4.927777777777844
15696,2024-02-08 13:00:00+00:00,4.972222222222247
15697,2024-02-08 14:00:00+00:00,5.011111111111177
15698,2024-02-08 15:00:00+00:00,4.866666666666636
15699,2024-02-08 16:00:00+00:00,4.677777777777844
15700,2024-02-08 17:00:00+00:00,4.444444444444419
15701,2024-02-08 18:00:00+00:00,4.283333333333302
15702,2024-02-08 19:00:00+00:00,3.91111111111104
15703,2024-02-08 20:00:00+00:00,3.650000000000015
15704,2024-02-08 21:00:00+00:00,4.027777777777753
15705,2024-02-08 22:00:00+00:00,3.9388888888888687
15706,2024-02-08 23:00:00+00:00,3.8333333333333335
15707,2024-02-09 00:00:00+00:00,3.961111111111071
15708,2024-02-09 01:00:00+00:00,4.0666666666666815
15709,2024-02-09 02:00:00+00:00,4.166666666666667
15710,2024-02-09 03:00:00+00:00,4.177777777777844
15711,2024-02-09 04:00:00+00:00,4.227777777777798
15712,2024-02-09 05:00:00+00:00,4.300000000000106
15713,2024-02-09 06:00:00+00:00,4.21111111111107
15714,2024-02-09 07:00:00+00:00,4.199999999999894
15715,2024-02-09 08:00:00+00:00,4.15555555555549
15716,2024-02-09 09:00:00+00:00,4.138888888888914
15717,2024-02-09 10:00:00+00:00,4.34444444444451
15718,2024-02-09 11:00:00+00:00,4.416666666666667
15719,2024-02-09 12:00:00+00:00,4.461111111111147
15720,2024-02-09 13:00:00+00:00,4.21111111111107
15721,2024-02-09 14:00:00+00:00,4.099999999999985
15722,2024-02-09 15:00:00+00:00,4.044444444444404
15723,2024-02-09 16:00:00+00:00,3.816666666666606
15724,2024-02-09 17:00:00+00:00,3.8222222222221567
15725,2024-02-09 18:00:00+00:00,3.933333333333319
15726,2024-02-09 19:00:00+00:00,3.961111111111071
15727,2024-02-09 20:00:00+00:00,4.038888888888853
15728,2024-02-09 21:00:00+00:00,3.9055555555554897
15729,2024-02-09 22:00:00+00:00,3.877777777777738
15730,2024-02-09 23:00:00+00:00,3.861111111111086
15731,2024-02-10 00:00:00+00:00,3.8444444444445103
15732,2024-02-10 01:00:00+00:00,3.861111111111086
15733,2024-02-10 02:00:00+00:00,3.7111111111111454
15734,2024-02-10 03:00:00+00:00,3.733333333333348
15735,2024-02-10 04:00:00+00:00,4.050000000000031
15736,2024-02-10 05:00:00+00:00,4.03888888888893
15737,2024-02-10 06:00:00+00:00,4.25
15738,2024-02-10 07:00:00+00:00,4.466666666666698
15739,2024-02-10 08:00:00+00:00,4.705555555555596
15740,2024-02-10 09:00:00+00:00,4.633333333333364
15741,2024-02-10 10:00:00+00:00,5.099999999999985
15742,2024-02-10 11:00:00+00:00,5.027777777777753
15743,2024-02-10 12:00:00+00:00,5.111111111111086
15744,2024-02-10 13:00:00+00:00,5.183333333333319
15745,2024-02-10 14:00:00+00:00,5.311111111111131
15746,2024-02-10 15:00:00+00:00,5.4833333333333485
15747,2024-02-10 16:00:00+00:00,5.8499999999999845
15748,2024-02-10 17:00:00+00:00,6.466666666666697
15749,2024-02-10 18:00:00+00:00,6.888888888888914
15750,2024-02-10 19:00:00+00:00,7.0666666666666815
15751,2024-02-10 20:00:00+00:00,7.1277777777777365
15752,2024-02-10 21:00:00+00:00,7.400000000000015
15753,2024-02-10 22:00:00+00:00,7.494444444444373
15754,2024-02-10 23:00:00+00:00,7.461111111111069
15755,2024-02-11 00:00:00+00:00,7.283333333333303
15756,2024-02-11 01:00:00+00:00,7.216666666666697
15757,2024-02-11 02:00:00+00:00,7.177777777777844
15758,2024-02-11 03:00:00+00:00,7.25
15759,2024-02-11 04:00:00+00:00,7.08888888888896
15760,2024-02-11 05:00:00+00:00,7.083333333333333
15761,2024-02-11 06:00:00+00:00,7.138888888888914
15762,2024-02-11 07:00:00+00:00,7.05000000000003
15763,2024-02-11 08:00:00+00:00,7.005555555555627
15764,2024-02-11 09:00:00+00:00,7.183333333333319
15765,2024-02-11 10:00:00+00:00,6.80000000000003
15766,2024-02-11 11:00:00+00:00,7.0
15767,2024-02-11 12:00:00+00:00,7.25
15768,2024-02-11 13:00:00+00:00,7.44999999999997
15769,2024-02-11 14:00:00+00:00,7.616666666666636
15770,2024-02-11 15:00:00+00:00,7.644444444444467
15771,2024-02-11 16:00:00+00:00,7.7277777777778
15772,2024-02-11 17:00:00+00:00,7.761111111111177
15773,2024-02-11 18:00:00+00:00,7.68888888888887
15774,2024-02-11 19:00:00+00:00,7.572222222222156
15775,2024-02-11 20:00:00+00:00,7.577777777777707
15776,2024-02-11 21:00:00+00:00,7.638888888888914
15777,2024-02-11 22:00:00+00:00,7.6833333333333185
15778,2024-02-11 23:00:00+00:00,7.69999999999997
15779,2024-02-12 00:00:00+00:00,7.599999999999984
15780,2024-02-12 01:00:00+00:00,7.622222222222263
15781,2024-02-12 02:00:00+00:00,7.738888888888823
15782,2024-02-12 03:00:00+00:00,7.78888888888893
15783,2024-02-12 04:00:00+00:00,7.7666666666666515
15784,2024-02-12 05:00:00+00:00,7.783333333333303
15785,2024-02-12 06:00:00+00:00,7.822222222222156
15786,2024-02-12 07:00:00+00:00,7.822222222222156
15787,2024-02-12 08:00:00+00:00,7.75
15788,2024-02-12 09:00:00+00:00,7.677777777777844
15789,2024-02-12 10:00:00+00:00,7.761111111111177
15790,2024-02-12 11:00:00+00:00,7.861111111111086
15791,2024-02-12 12:00:00+00:00,7.877777777777736
15792,2024-02-12 13:00:00+00:00,7.922222222222293
15793,2024-02-12 14:00:00+00:00,7.833333333333333
15794,2024-02-12 15:00:00+00:00,7.78888888888893
15795,2024-02-12 16:00:00+00:00,7.755555555555627
15796,2024-02-12 17:00:00+00:00,7.75
15797,2024-02-12 18:00:00+00:00,7.733333333333348
15798,2024-02-12 19:00:00+00:00,7.744444444444373
15799,2024-02-12 20:00:00+00:00,7.783333333333303
15800,2024-02-12 21:00:00+00:00,7.827777777777707
15801,2024-02-12 22:00:00+00:00,7.833333333333333
15802,2024-02-12 23:00:00+00:00,7.855555555555536
15803,2024-02-13 00:00:00+00:00,7.922222222222293
15804,2024-02-13 01:00:00+00:00,7.94999999999997
15805,2024-02-13 02:00:00+00:00,7.883333333333364
15806,2024-02-13 03:00:00+00:00,7.849999999999984
15807,2024-02-13 04:00:00+00:00,7.827777777777707
15808,2024-02-13 05:00:00+00:00,7.899999999999937
15809,2024-02-13 06:00:00+00:00,7.900000000000015
15810,2024-02-13 07:00:00+00:00,7.794444444444402
15811,2024-02-13 08:00:00+00:00,7.927777777777844
15812,2024-02-13 09:00:00+00:00,8.027777777777752
15813,2024-02-13 10:00:00+00:00,8.011111111111177
15814,2024-02-13 11:00:00+00:00,7.988888888888975
15815,2024-02-13 12:00:00+00:00,7.966666666666697
15816,2024-02-13 13:00:00+00:00,7.84444444444451
15817,2024-02-13 14:00:00+00:00,7.78888888888893
15818,2024-02-13 15:00:00+00:00,7.68888888888887
15819,2024-02-13 16:00:00+00:00,7.65555555555549
15820,2024-02-13 17:00:00+00:00,7.53888888888893
15821,2024-02-13 18:00:00+00:00,7.488888888888823
15822,2024-02-13 19:00:00+00:00,7.572222222222156
15823,2024-02-13 20:00:00+00:00,7.638888888888914
15824,2024-02-13 21:00:00+00:00,7.5
15825,2024-02-13 22:00:00+00:00,7.383333333333364
15826,2024-02-13 23:00:00+00:00,7.211111111111069
15827,2024-02-14 00:00:00+00:00,7.311111111111134
15828,2024-02-14 01:00:00+00:00,7.5666666666666815
15829,2024-02-14 02:00:00+00:00,7.43888888888887
15830,2024-02-14 03:00:00+00:00,7.30000000000003
15831,2024-02-14 04:00:00+00:00,7.294444444444402
15832,2024-02-14 05:00:00+00:00,7.383333333333364
15833,2024-02-14 06:00:00+00:00,7.511111111111177
15834,2024-02-14 07:00:00+00:00,7.372222222222263
15835,2024-02-14 08:00:00+00:00,6.93888888888887
15836,2024-02-14 09:00:00+00:00,6.738888888888823
15837,2024-02-14 10:00:00+00:00,6.772222222222204
15838,2024-02-14 11:00:00+00:00,7.077777777777707
15839,2024-02-14 12:00:00+00:00,7.322222222222156
15840,2024-02-14 13:00:00+00:00,6.58888888888896
15841,2024-02-14 14:00:00+00:00,6.15555555555549
15842,2024-02-14 15:00:00+00:00,6.516666666666652
15843,2024-02-14 16:00:00+00:00,6.966666666666697
15844,2024-02-14 17:00:00+00:00,6.5999999999999845
15845,2024-02-14 18:00:00+00:00,6.25
15846,2024-02-14 19:00:00+00:00,6.0666666666666815
15847,2024-02-14 20:00:00+00:00,6.04444444444448
15848,2024-02-14 21:00:00+00:00,6.2111111111110695
15849,2024-02-14 22:00:00+00:00,6.400000000000016
15850,2024-02-14 23:00:00+00:00,6.527777777777753
15851,2024-02-15 00:00:00+00:00,6.5999999999999845
15852,2024-02-15 01:00:00+00:00,6.611111111111086
15853,2024-02-15 02:00:00+00:00,6.522222222222204
15854,2024-02-15 03:00:00+00:00,6.4777777777778
15855,2024-02-15 04:00:00+00:00,6.533333333333303
15856,2024-02-15 05:00:00+00:00,6.383333333333364
15857,2024-02-15 06:00:00+00:00,6.277777777777753
15858,2024-02-15 07:00:00+00:00,6.28888888888893
15859,2024-02-15 08:00:00+00:00,6.205555555555596
15860,2024-02-15 09:00:00+00:00,6.172222222222293
15861,2024-02-15 10:00:00+00:00,6.083333333333333
15862,2024-02-15 11:00:00+00:00,6.172222222222293
15863,2024-02-15 12:00:00+00:00,6.305555555555581
15864,2024-02-15 13:00:00+00:00,6.138888888888914
15865,2024-02-15 14:00:00+00:00,6.322222222222156
15866,2024-02-15 15:00:00+00:00,5.638888888888914
15867,2024-02-15 16:00:00+00:00,5.69999999999997
15868,2024-02-15 17:00:00+00:00,6.0444444444444025
15869,2024-02-15 18:00:00+00:00,6.027777777777753
15870,2024-02-15 19:00:00+00:00,5.922222222222293
15871,2024-02-15 20:00:00+00:00,5.755555555555627
15872,2024-02-15 21:00:00+00:00,5.861111111111086
15873,2024-02-15 22:00:00+00:00,5.888888888888914
15874,2024-02-15 23:00:00+00:00,5.922222222222293
15875,2024-02-16 00:00:00+00:00,5.805555555555581
15876,2024-02-16 01:00:00+00:00,5.58888888888896
15877,2024-02-16 02:00:00+00:00,5.705555555555596
15878,2024-02-16 03:00:00+00:00,5.855555555555536
15879,2024-02-16 04:00:00+00:00,5.938888888888869
15880,2024-02-16 05:00:00+00:00,6.144444444444467
15881,2024-02-16 06:00:00+00:00,6.25
15882,2024-02-16 07:00:00+00:00,6.44999999999997
15883,2024-02-16 08:00:00+00:00,6.650000000000016
15884,2024-02-16 09:00:00+00:00,6.444444444444419
15885,2024-02-16 10:00:00+00:00,6.18888888888887
15886,2024-02-16 11:00:00+00:00,6.261111111111177
15887,2024-02-16 12:00:00+00:00,6.555555555555581
15888,2024-02-16 13:00:00+00:00,6.505555555555627
15889,2024-02-16 14:00:00+00:00,6.41111111111104
15890,2024-02-16 15:00:00+00:00,6.305555555555581
15891,2024-02-16 16:00:00+00:00,6.33888888888896
15892,2024-02-16 17:00:00+00:00,6.022222222222204
15893,2024-02-16 18:00:00+00:00,5.71111111111107
15894,2024-02-16 19:00:00+00:00,5.616666666666636
15895,2024-02-16 20:00:00+00:00,5.294444444444404
15896,2024-02-16 21:00:00+00:00,5.122222222222263
15897,2024-02-16 22:00:00+00:00,5.216666666666698
15898,2024-02-16 23:00:00+00:00,5.266666666666652
15899,2024-02-17 00:00:00+00:00,5.244444444444373
15900,2024-02-17 01:00:00+00:00,5.272222222222202
15901,2024-02-17 02:00:00+00:00,5.305555555555581
15902,2024-02-17 03:00:00+00:00,5.25
15903,2024-02-17 04:00:00+00:00,5.199999999999969
15904,2024-02-17 05:00:00+00:00,5.03888888888893
15905,2024-02-17 06:00:00+00:00,4.900000000000015
15906,2024-02-17 07:00:00+00:00,5.044444444444404
15907,2024-02-17 08:00:00+00:00,5.105555555555536
15908,2024-02-17 09:00:00+00:00,5.127777777777737
15909,2024-02-17 10:00:00+00:00,5.188888888888869
15910,2024-02-17 11:00:00+00:00,5.194444444444419
15911,2024-02-17 12:00:00+00:00,5.166666666666667
15912,2024-02-17 13:00:00+00:00,5.16111111111104
15913,2024-02-17 14:00:00+00:00,5.15555555555549
15914,2024-02-17 15:00:00+00:00,5.133333333333439
15915,2024-02-17 16:00:00+00:00,5.133333333333439
15916,2024-02-17 17:00:00+00:00,5.083333333333333
15917,2024-02-17 18:00:00+00:00,4.91111111111104
15918,2024-02-17 19:00:00+00:00,4.90555555555549
15919,2024-02-17 20:00:00+00:00,4.944444444444419
15920,2024-02-17 21:00:00+00:00,4.944444444444419
15921,2024-02-17 22:00:00+00:00,4.927777777777844
15922,2024-02-17 23:00:00+00:00,4.861111111111086
15923,2024-02-18 00:00:00+00:00,4.755555555555627
15924,2024-02-18 01:00:00+00:00,4.727777777777798
15925,2024-02-18 02:00:00+00:00,4.766666666666652
15926,2024-02-18 03:00:00+00:00,4.694444444444419
15927,2024-02-18 04:00:00+00:00,4.716666666666698
15928,2024-02-18 05:00:00+00:00,4.59444444444451
15929,2024-02-18 06:00:00+00:00,4.53888888888893
15930,2024-02-18 07:00:00+00:00,4.5666666666666815
15931,2024-02-18 08:00:00+00:00,4.66111111111104
15932,2024-02-18 09:00:00+00:00,4.5
15933,2024-02-18 10:00:00+00:00,4.438888888888869
15934,2024-02-18 11:00:00+00:00,4.238888888888823
15935,2024-02-18 12:00:00+00:00,4.311111111111131
15936,2024-02-18 13:00:00+00:00,4.5888888888889605
15937,2024-02-18 14:00:00+00:00,4.716666666666698
15938,2024-02-18 15:00:00+00:00,4.716666666666698
15939,2024-02-18 16:00:00+00:00,4.300000000000031
15940,2024-02-18 17:00:00+00:00,4.0666666666666815
15941,2024-02-18 18:00:00+00:00,4.394444444444464
15942,2024-02-18 19:00:00+00:00,4.733333333333348
15943,2024-02-18 20:00:00+00:00,5.050000000000031
15944,2024-02-18 21:00:00+00:00,5.15555555555549
15945,2024-02-18 22:00:00+00:00,5.033333333333302
15946,2024-02-18 23:00:00+00:00,4.822222222222156
15947,2024-02-19 00:00:00+00:00,4.84444444444451
15948,2024-02-19 01:00:00+00:00,4.6722222222222936
15949,2024-02-19 02:00:00+00:00,3.855555555555535
15950,2024-02-19 03:00:00+00:00,3.9666666666666974
15951,2024-02-19 04:00:00+00:00,4.127777777777737
15952,2024-02-19 05:00:00+00:00,4.1722222222222936
15953,2024-02-19 06:00:00+00:00,4.222222222222247
15954,2024-02-19 07:00:00+00:00,4.205555555555596
15955,2024-02-19 08:00:00+00:00,4.194444444444419
15956,2024-02-19 09:00:00+00:00,4.3388888888889605
15957,2024-02-19 10:00:00+00:00,4.561111111111131
15958,2024-02-19 11:00:00+00:00,4.516666666666652
15959,2024-02-19 12:00:00+00:00,4.650000000000015
15960,2024-02-19 13:00:00+00:00,4.849999999999985
15961,2024-02-19 14:00:00+00:00,4.805555555555581
15962,2024-02-19 15:00:00+00:00,4.794444444444404
15963,2024-02-19 16:00:00+00:00,4.455555555555596
15964,2024-02-19 17:00:00+00:00,4.511111111111177
15965,2024-02-19 18:00:00+00:00,4.516666666666652
15966,2024-02-19 19:00:00+00:00,4.572222222222156
15967,2024-02-19 20:00:00+00:00,4.544444444444404
15968,2024-02-19 21:00:00+00:00,4.366666666666636
15969,2024-02-19 22:00:00+00:00,4.53888888888893
15970,2024-02-19 23:00:00+00:00,4.53888888888893
15971,2024-02-20 00:00:00+00:00,4.322222222222156
15972,2024-02-20 01:00:00+00:00,4.444444444444419
15973,2024-02-20 02:00:00+00:00,4.516666666666652
15974,2024-02-20 03:00:00+00:00,4.5666666666666815
15975,2024-02-20 04:00:00+00:00,4.583333333333333
15976,2024-02-20 05:00:00+00:00,4.5666666666666815
15977,2024-02-20 06:00:00+00:00,4.561111111111131
15978,2024-02-20 07:00:00+00:00,4.449999999999969
15979,2024-02-20 08:00:00+00:00,4.361111111111086
15980,2024-02-20 09:00:00+00:00,4.305555555555581
15981,2024-02-20 10:00:00+00:00,4.5
15982,2024-02-20 11:00:00+00:00,4.383333333333364
15983,2024-02-20 12:00:00+00:00,4.449999999999969
15984,2024-02-20 13:00:00+00:00,4.583333333333333
15985,2024-02-20 14:00:00+00:00,4.599999999999985
15986,2024-02-20 15:00:00+00:00,4.5888888888889605
15987,2024-02-20 16:00:00+00:00,4.583333333333333
15988,2024-02-20 17:00:00+00:00,4.677777777777844
15989,2024-02-20 18:00:00+00:00,4.400000000000015
15990,2024-02-20 19:00:00+00:00,4.150000000000015
15991,2024-02-20 20:00:00+00:00,4.511111111111177
15992,2024-02-20 21:00:00+00:00,4.322222222222156
15993,2024-02-20 22:00:00+00:00,4.466666666666698
15994,2024-02-20 23:00:00+00:00,4.666666666666667
15995,2024-02-21 00:00:00+00:00,4.627777777777737
15996,2024-02-21 01:00:00+00:00,4.533333333333302
15997,2024-02-21 02:00:00+00:00,4.555555555555581
15998,2024-02-21 03:00:00+00:00,4.394444444444464
15999,2024-02-21 04:00:00+00:00,4.34444444444451
16000,2024-02-21 05:00:00+00:00,4.361111111111086
16001,2024-02-21 06:00:00+00:00,4.483333333333348
16002,2024-02-21 07:00:00+00:00,4.349999999999985
16003,2024-02-21 08:00:00+00:00,4.294444444444404
16004,2024-02-21 09:00:00+00:00,4.083333333333333
16005,2024-02-21 10:00:00+00:00,3.766666666666652
16006,2024-02-21 11:00:00+00:00,4.011111111111177
16007,2024-02-21 12:00:00+00:00,4.255555555555627
16008,2024-02-21 13:00:00+00:00,4.283333333333302
16009,2024-02-21 14:00:00+00:00,4.261111111111177
16010,2024-02-21 15:00:00+00:00,4.199999999999969
16011,2024-02-21 16:00:00+00:00,4.15555555555549
16012,2024-02-21 17:00:00+00:00,4.0888888888889605
16013,2024-02-21 18:00:00+00:00,4.0888888888889605
16014,2024-02-21 19:00:00+00:00,4.144444444444464
16015,2024-02-21 20:00:00+00:00,4.166666666666667
16016,2024-02-21 21:00:00+00:00,3.894444444444465
16017,2024-02-21 22:00:00+00:00,3.9222222222222936
16018,2024-02-21 23:00:00+00:00,3.9666666666666974
16019,2024-02-22 00:00:00+00:00,4.083333333333333
16020,2024-02-22 01:00:00+00:00,4.205555555555596
16021,2024-02-22 02:00:00+00:00,4.605555555555536
16022,2024-02-22 03:00:00+00:00,5.0
16023,2024-02-22 04:00:00+00:00,5.216666666666698
16024,2024-02-22 05:00:00+00:00,5.533333333333303
16025,2024-02-22 06:00:00+00:00,5.8499999999999845
16026,2024-02-22 07:00:00+00:00,5.994444444444373
16027,2024-02-22 08:00:00+00:00,5.866666666666636
16028,2024-02-22 09:00:00+00:00,5.727777777777798
16029,2024-02-22 10:00:00+00:00,4.650000000000015
16030,2024-02-22 11:00:00+00:00,4.333333333333333
16031,2024-02-22 12:00:00+00:00,4.361111111111086
16032,2024-02-22 13:00:00+00:00,4.28888888888893
16033,2024-02-22 14:00:00+00:00,4.666666666666667
16034,2024-02-22 15:00:00+00:00,4.772222222222202
16035,2024-02-22 16:00:00+00:00,4.777777777777753
16036,2024-02-22 17:00:00+00:00,4.705555555555596
16037,2024-02-22 18:00:00+00:00,4.577777777777706
16038,2024-02-22 19:00:00+00:00,4.416666666666667
16039,2024-02-22 20:00:00+00:00,4.40555555555549
16040,2024-02-22 21:00:00+00:00,4.483333333333348
16041,2024-02-22 22:00:00+00:00,4.572222222222156
16042,2024-02-22 23:00:00+00:00,4.699999999999969
16043,2024-02-23 00:00:00+00:00,4.75
16044,2024-02-23 01:00:00+00:00,4.794444444444404
16045,2024-02-23 02:00:00+00:00,4.777777777777753
16046,2024-02-23 03:00:00+00:00,4.805555555555581
16047,2024-02-23 04:00:00+00:00,4.733333333333348
16048,2024-02-23 05:00:00+00:00,4.550000000000031
16049,2024-02-23 06:00:00+00:00,4.505555555555627
16050,2024-02-23 07:00:00+00:00,4.488888888888823
16051,2024-02-23 08:00:00+00:00,4.533333333333302
16052,2024-02-23 09:00:00+00:00,4.59444444444451
16053,2024-02-23 10:00:00+00:00,4.599999999999985
16054,2024-02-23 11:00:00+00:00,4.477777777777798
16055,2024-02-23 12:00:00+00:00,4.577777777777706
16056,2024-02-23 13:00:00+00:00,4.627777777777737
16057,2024-02-23 14:00:00+00:00,4.722222222222247
16058,2024-02-23 15:00:00+00:00,4.944444444444419
16059,2024-02-23 16:00:00+00:00,4.900000000000015
16060,2024-02-23 17:00:00+00:00,4.8166666666666815
16061,2024-02-23 18:00:00+00:00,4.811111111111131
16062,2024-02-23 19:00:00+00:00,4.933333333333319
16063,2024-02-23 20:00:00+00:00,4.938888888888869
16064,2024-02-23 21:00:00+00:00,5.055555555555581
16065,2024-02-23 22:00:00+00:00,5.40555555555549
16066,2024-02-23 23:00:00+00:00,5.80000000000003
16067,2024-02-24 00:00:00+00:00,5.944444444444419
16068,2024-02-24 01:00:00+00:00,5.83888888888896
16069,2024-02-24 02:00:00+00:00,5.4833333333333485
16070,2024-02-24 03:00:00+00:00,5.355555555555536
16071,2024-02-24 04:00:00+00:00,5.222222222222247
16072,2024-02-24 05:00:00+00:00,5.09444444444451
16073,2024-02-24 06:00:00+00:00,5.072222222222156
16074,2024-02-24 07:00:00+00:00,4.938888888888869
16075,2024-02-24 08:00:00+00:00,4.79444444444448
16076,2024-02-24 09:00:00+00:00,4.733333333333348
16077,2024-02-24 10:00:00+00:00,4.733333333333348
16078,2024-02-24 11:00:00+00:00,4.772222222222202
16079,2024-02-24 12:00:00+00:00,4.883333333333364
16080,2024-02-24 13:00:00+00:00,4.961111111111147
16081,2024-02-24 14:00:00+00:00,4.994444444444373
16082,2024-02-24 15:00:00+00:00,5.0
16083,2024-02-24 16:00:00+00:00,4.972222222222247
16084,2024-02-24 17:00:00+00:00,4.949999999999969
16085,2024-02-24 18:00:00+00:00,4.855555555555536
16086,2024-02-24 19:00:00+00:00,4.783333333333302
16087,2024-02-24 20:00:00+00:00,4.783333333333302
16088,2024-02-24 21:00:00+00:00,4.800000000000031
16089,2024-02-24 22:00:00+00:00,4.766666666666652
16090,2024-02-24 23:00:00+00:00,4.766666666666652
16091,2024-02-25 00:00:00+00:00,4.766666666666652
16092,2024-02-25 01:00:00+00:00,4.800000000000106
16093,2024-02-25 02:00:00+00:00,4.772222222222202
16094,2024-02-25 03:00:00+00:00,4.777777777777753
16095,2024-02-25 04:00:00+00:00,4.766666666666652
16096,2024-02-25 05:00:00+00:00,4.733333333333348
16097,2024-02-25 06:00:00+00:00,4.6722222222222936
16098,2024-02-25 07:00:00+00:00,4.605555555555536
16099,2024-02-25 08:00:00+00:00,4.5666666666666815
16100,2024-02-25 09:00:00+00:00,4.5666666666666815
16101,2024-02-25 10:00:00+00:00,4.577777777777706
16102,2024-02-25 11:00:00+00:00,4.616666666666636
16103,2024-02-25 12:00:00+00:00,4.65555555555549
16104,2024-02-25 13:00:00+00:00,4.705555555555596
16105,2024-02-25 14:00:00+00:00,4.733333333333348
16106,2024-02-25 15:00:00+00:00,4.699999999999969
16107,2024-02-25 16:00:00+00:00,4.694444444444419
16108,2024-02-25 17:00:00+00:00,4.644444444444464
16109,2024-02-25 18:00:00+00:00,4.577777777777706
16110,2024-02-25 19:00:00+00:00,4.544444444444404
16111,2024-02-25 20:00:00+00:00,4.438888888888869
16112,2024-02-25 21:00:00+00:00,4.433333333333319
16113,2024-02-25 22:00:00+00:00,4.438888888888869
16114,2024-02-25 23:00:00+00:00,4.40555555555549
16115,2024-02-26 00:00:00+00:00,4.394444444444464
16116,2024-02-26 01:00:00+00:00,4.433333333333319
16117,2024-02-26 02:00:00+00:00,4.472222222222247
16118,2024-02-26 03:00:00+00:00,4.4666666666667725
16119,2024-02-26 04:00:00+00:00,4.533333333333302
16120,2024-02-26 05:00:00+00:00,4.550000000000031
16121,2024-02-26 06:00:00+00:00,4.488888888888823
16122,2024-02-26 07:00:00+00:00,4.477777777777798
16123,2024-02-26 08:00:00+00:00,4.483333333333348
16124,2024-02-26 09:00:00+00:00,4.572222222222156
16125,2024-02-26 10:00:00+00:00,4.683333333333319
16126,2024-02-26 11:00:00+00:00,4.650000000000015
16127,2024-02-26 12:00:00+00:00,4.599999999999985
16128,2024-02-26 13:00:00+00:00,4.605555555555536
16129,2024-02-26 14:00:00+00:00,4.59444444444451
16130,2024-02-26 15:00:00+00:00,4.5666666666666815
16131,2024-02-26 16:00:00+00:00,4.577777777777706
16132,2024-02-26 17:00:00+00:00,4.511111111111177
16133,2024-02-26 18:00:00+00:00,4.327777777777706
16134,2024-02-26 19:00:00+00:00,4.394444444444464
16135,2024-02-26 20:00:00+00:00,4.438888888888869
16136,2024-02-26 21:00:00+00:00,4.4222222222222936
16137,2024-02-26 22:00:00+00:00,4.433333333333319
16138,2024-02-26 23:00:00+00:00,4.41111111111104
16139,2024-02-27 00:00:00+00:00,4.205555555555596
16140,2024-02-27 01:00:00+00:00,4.400000000000015
16141,2024-02-27 02:00:00+00:00,4.41111111111104
16142,2024-02-27 03:00:00+00:00,4.444444444444419
16143,2024-02-27 04:00:00+00:00,4.488888888888823
16144,2024-02-27 05:00:00+00:00,4.488888888888823
16145,2024-02-27 06:00:00+00:00,4.305555555555581
16146,2024-02-27 07:00:00+00:00,4.444444444444419
16147,2024-02-27 08:00:00+00:00,4.494444444444373
16148,2024-02-27 09:00:00+00:00,4.5
16149,2024-02-27 10:00:00+00:00,4.533333333333302
16150,2024-02-27 11:00:00+00:00,4.5666666666666815
16151,2024-02-27 12:00:00+00:00,4.40555555555549
16152,2024-02-27 13:00:00+00:00,4.327777777777706
16153,2024-02-27 14:00:00+00:00,4.372222222222263
16154,2024-02-27 15:00:00+00:00,4.466666666666698
16155,2024-02-27 16:00:00+00:00,4.527777777777753
16156,2024-02-27 17:00:00+00:00,4.616666666666636
16157,2024-02-27 18:00:00+00:00,4.400000000000015
16158,2024-02-27 19:00:00+00:00,4.366666666666561
16159,2024-02-27 20:00:00+00:00,4.40555555555549
16160,2024-02-27 21:00:00+00:00,4.40555555555549
16161,2024-02-27 22:00:00+00:00,4.472222222222247
16162,2024-02-27 23:00:00+00:00,4.583333333333333
16163,2024-02-28 00:00:00+00:00,4.611111111111086
16164,2024-02-28 01:00:00+00:00,4.572222222222156
16165,2024-02-28 02:00:00+00:00,4.5888888888889605
16166,2024-02-28 03:00:00+00:00,4.650000000000015
16167,2024-02-28 04:00:00+00:00,4.694444444444419
16168,2024-02-28 05:00:00+00:00,4.766666666666652
16169,2024-02-28 06:00:00+00:00,4.827777777777706
16170,2024-02-28 07:00:00+00:00,4.883333333333364
16171,2024-02-28 08:00:00+00:00,4.900000000000015
16172,2024-02-28 09:00:00+00:00,4.916666666666667
16173,2024-02-28 10:00:00+00:00,4.91111111111104
16174,2024-02-28 11:00:00+00:00,4.900000000000015
16175,2024-02-28 12:00:00+00:00,4.861111111111086
16176,2024-02-28 13:00:00+00:00,4.777777777777753
16177,2024-02-28 14:00:00+00:00,5.0
16178,2024-02-28 15:00:00+00:00,5.050000000000031
16179,2024-02-28 16:00:00+00:00,4.894444444444464
16180,2024-02-28 17:00:00+00:00,4.894444444444464
16181,2024-02-28 18:00:00+00:00,4.861111111111086
16182,2024-02-28 19:00:00+00:00,4.872222222222263
16183,2024-02-28 20:00:00+00:00,4.955555555555596
16184,2024-02-28 21:00:00+00:00,5.0
16185,2024-02-28 22:00:00+00:00,4.855555555555536
16186,2024-02-28 23:00:00+00:00,4.772222222222202
16187,2024-02-29 00:00:00+00:00,4.744444444444373
16188,2024-02-29 01:00:00+00:00,4.616666666666636
16189,2024-02-29 02:00:00+00:00,4.716666666666698
16190,2024-02-29 03:00:00+00:00,4.761111111111177
16191,2024-02-29 04:00:00+00:00,4.78888888888893
16192,2024-02-29 05:00:00+00:00,4.877777777777737
16193,2024-02-29 06:00:00+00:00,5.061111111111131
16194,2024-02-29 07:00:00+00:00,5.21111111111107
16195,2024-02-29 08:00:00+00:00,5.300000000000031
16196,2024-02-29 09:00:00+00:00,5.333333333333333
16197,2024-02-29 10:00:00+00:00,5.522222222222202
16198,2024-02-29 11:00:00+00:00,5.722222222222247
16199,2024-02-29 12:00:00+00:00,5.994444444444373
16200,2024-02-29 13:00:00+00:00,6.1055555555555365
16201,2024-02-29 14:00:00+00:00,6.022222222222204
16202,2024-02-29 15:00:00+00:00,5.877777777777737
16203,2024-02-29 16:00:00+00:00,5.727777777777798
16204,2024-02-29 17:00:00+00:00,5.683333333333319
16205,2024-02-29 18:00:00+00:00,5.650000000000016
16206,2024-02-29 19:00:00+00:00,5.633333333333439
16207,2024-02-29 20:00:00+00:00,5.69999999999997
16208,2024-02-29 21:00:00+00:00,5.938888888888869
16209,2024-02-29 22:00:00+00:00,5.94999999999997
16210,2024-02-29 23:00:00+00:00,5.822222222222156
16211,2024-03-01 00:00:00+00:00,5.8166666666666815
16212,2024-03-01 01:00:00+00:00,5.83888888888896
16213,2024-03-01 02:00:00+00:00,5.755555555555627
16214,2024-03-01 03:00:00+00:00,5.811111111111131
16215,2024-03-01 04:00:00+00:00,5.833333333333333
16216,2024-03-01 05:00:00+00:00,5.833333333333333
16217,2024-03-01 06:00:00+00:00,5.833333333333333
16218,2024-03-01 07:00:00+00:00,5.833333333333333
16219,2024-03-01 08:00:00+00:00,5.833333333333333
16220,2024-03-01 09:00:00+00:00,5.8499999999999845
16221,2024-03-01 10:00:00+00:00,5.861111111111086
16222,2024-03-01 11:00:00+00:00,5.783333333333303
16223,2024-03-01 12:00:00+00:00,5.777777777777753
16224,2024-03-01 13:00:00+00:00,5.8166666666666815
16225,2024-03-01 14:00:00+00:00,5.800000000000106
16226,2024-03-01 15:00:00+00:00,5.777777777777753
16227,2024-03-01 16:00:00+00:00,5.772222222222202
16228,2024-03-01 17:00:00+00:00,5.79444444444448
16229,2024-03-01 18:00:00+00:00,5.800000000000106
16230,2024-03-01 19:00:00+00:00,5.777777777777753
16231,2024-03-01 20:00:00+00:00,5.694444444444419
16232,2024-03-01 21:00:00+00:00,5.572222222222156
16233,2024-03-01 22:00:00+00:00,5.611111111111086
16234,2024-03-01 23:00:00+00:00,5.65555555555549
16235,2024-03-02 00:00:00+00:00,5.666666666666667
16236,2024-03-02 01:00:00+00:00,5.650000000000016
16237,2024-03-02 02:00:00+00:00,5.627777777777813
16238,2024-03-02 03:00:00+00:00,5.611111111111086
16239,2024-03-02 04:00:00+00:00,5.583333333333333
16240,2024-03-02 05:00:00+00:00,5.572222222222156
16241,2024-03-02 06:00:00+00:00,5.616666666666636
16242,2024-03-02 07:00:00+00:00,5.644444444444464
16243,2024-03-02 08:00:00+00:00,5.516666666666652
16244,2024-03-02 09:00:00+00:00,5.583333333333333
16245,2024-03-02 10:00:00+00:00,5.59444444444451
16246,2024-03-02 11:00:00+00:00,5.66111111111104
16247,2024-03-02 12:00:00+00:00,5.755555555555627
16248,2024-03-02 13:00:00+00:00,5.800000000000106
16249,2024-03-02 14:00:00+00:00,5.822222222222156
16250,2024-03-02 15:00:00+00:00,5.8499999999999845
16251,2024-03-02 16:00:00+00:00,5.833333333333333
16252,2024-03-02 17:00:00+00:00,5.822222222222156
16253,2024-03-02 18:00:00+00:00,5.800000000000106
16254,2024-03-02 19:00:00+00:00,5.772222222222202
16255,2024-03-02 20:00:00+00:00,5.772222222222202
16256,2024-03-02 21:00:00+00:00,5.755555555555627
16257,2024-03-02 22:00:00+00:00,5.722222222222247
16258,2024-03-02 23:00:00+00:00,5.683333333333319
16259,2024-03-03 00:00:00+00:00,5.611111111111086
16260,2024-03-03 01:00:00+00:00,5.583333333333333
16261,2024-03-03 02:00:00+00:00,5.65555555555549
16262,2024-03-03 03:00:00+00:00,5.755555555555627
16263,2024-03-03 04:00:00+00:00,5.611111111111086
16264,2024-03-03 05:00:00+00:00,5.70555555555552
16265,2024-03-03 06:00:00+00:00,5.766666666666652
16266,2024-03-03 07:00:00+00:00,5.761111111111177
16267,2024-03-03 08:00:00+00:00,5.800000000000106
16268,2024-03-03 09:00:00+00:00,5.811111111111131
16269,2024-03-03 10:00:00+00:00,5.8166666666666815
16270,2024-03-03 11:00:00+00:00,5.822222222222156
16271,2024-03-03 12:00:00+00:00,5.8499999999999845
16272,2024-03-03 13:00:00+00:00,5.94999999999997
16273,2024-03-03 14:00:00+00:00,5.922222222222293
16274,2024-03-03 15:00:00+00:00,5.90555555555549
16275,2024-03-03 16:00:00+00:00,5.91111111111104
16276,2024-03-03 17:00:00+00:00,5.916666666666667
16277,2024-03-03 18:00:00+00:00,5.900000000000016
16278,2024-03-03 19:00:00+00:00,5.900000000000016
16279,2024-03-03 20:00:00+00:00,5.872222222222187
16280,2024-03-03 21:00:00+00:00,5.894444444444464
16281,2024-03-03 22:00:00+00:00,5.811111111111131
16282,2024-03-03 23:00:00+00:00,5.677777777777844
16283,2024-03-04 00:00:00+00:00,5.827777777777707
16284,2024-03-04 01:00:00+00:00,5.8499999999999845
16285,2024-03-04 02:00:00+00:00,5.833333333333333
16286,2024-03-04 03:00:00+00:00,5.777777777777753
16287,2024-03-04 04:00:00+00:00,5.877777777777737
16288,2024-03-04 05:00:00+00:00,5.94999999999997
16289,2024-03-04 06:00:00+00:00,5.966666666666697
16290,2024-03-04 07:00:00+00:00,6.055555555555581
16291,2024-03-04 08:00:00+00:00,6.111111111111086
16292,2024-03-04 09:00:00+00:00,6.16111111111104
16293,2024-03-04 10:00:00+00:00,6.305555555555581
16294,2024-03-04 11:00:00+00:00,6.43888888888887
16295,2024-03-04 12:00:00+00:00,6.422222222222293
16296,2024-03-04 13:00:00+00:00,6.472222222222247
16297,2024-03-04 14:00:00+00:00,6.572222222222156
16298,2024-03-04 15:00:00+00:00,6.511111111111177
16299,2024-03-04 16:00:00+00:00,6.583333333333333
16300,2024-03-04 17:00:00+00:00,6.633333333333364
16301,2024-03-04 18:00:00+00:00,6.683333333333319
16302,2024-03-04 19:00:00+00:00,6.761111111111177
16303,2024-03-04 20:00:00+00:00,6.805555555555581
16304,2024-03-04 21:00:00+00:00,6.888888888888914
16305,2024-03-04 22:00:00+00:00,6.8555555555555365
16306,2024-03-04 23:00:00+00:00,6.833333333333333
16307,2024-03-05 00:00:00+00:00,6.84444444444451
16308,2024-03-05 01:00:00+00:00,6.93888888888887
16309,2024-03-05 02:00:00+00:00,6.944444444444419
16310,2024-03-05 03:00:00+00:00,6.866666666666636
16311,2024-03-05 04:00:00+00:00,6.7333333333333485
16312,2024-03-05 05:00:00+00:00,6.822222222222156
16313,2024-03-05 06:00:00+00:00,6.8555555555555365
16314,2024-03-05 07:00:00+00:00,6.833333333333333
16315,2024-03-05 08:00:00+00:00,6.827777777777707
16316,2024-03-05 09:00:00+00:00,6.894444444444467
16317,2024-03-05 10:00:00+00:00,6.994444444444373
16318,2024-03-05 11:00:00+00:00,7.09444444444451
16319,2024-03-05 12:00:00+00:00,7.177777777777844
16320,2024-03-05 13:00:00+00:00,7.30000000000003
16321,2024-03-05 14:00:00+00:00,7.4333333333333185
16322,2024-03-05 15:00:00+00:00,7.461111111111147
16323,2024-03-05 16:00:00+00:00,7.433333333333395
16324,2024-03-05 17:00:00+00:00,7.4777777777778
16325,2024-03-05 18:00:00+00:00,7.483333333333348
16326,2024-03-05 19:00:00+00:00,7.372222222222263
16327,2024-03-05 20:00:00+00:00,7.349999999999984
16328,2024-03-05 21:00:00+00:00,7.34444444444451
16329,2024-03-05 22:00:00+00:00,7.294444444444402
16330,2024-03-05 23:00:00+00:00,7.211111111111069
16331,2024-03-06 00:00:00+00:00,7.033333333333303
16332,2024-03-06 01:00:00+00:00,7.0
16333,2024-03-06 02:00:00+00:00,7.261111111111177
16334,2024-03-06 03:00:00+00:00,7.28888888888893
16335,2024-03-06 04:00:00+00:00,7.077777777777707
16336,2024-03-06 05:00:00+00:00,7.066666666666603
16337,2024-03-06 06:00:00+00:00,6.761111111111177
16338,2024-03-06 07:00:00+00:00,7.166666666666667
16339,2024-03-06 08:00:00+00:00,6.93888888888887
16340,2024-03-06 09:00:00+00:00,7.205555555555596
16341,2024-03-06 10:00:00+00:00,7.150000000000016
16342,2024-03-06 11:00:00+00:00,7.016666666666652
16343,2024-03-06 12:00:00+00:00,6.966666666666697
16344,2024-03-06 13:00:00+00:00,6.93888888888887
16345,2024-03-06 14:00:00+00:00,6.994444444444373
16346,2024-03-06 15:00:00+00:00,6.927777777777844
16347,2024-03-06 16:00:00+00:00,6.900000000000016
16348,2024-03-06 17:00:00+00:00,6.8555555555555365
16349,2024-03-06 18:00:00+00:00,6.761111111111177
16350,2024-03-06 19:00:00+00:00,6.75
16351,2024-03-06 20:00:00+00:00,6.638888888888914
16352,2024-03-06 21:00:00+00:00,6.705555555555596
16353,2024-03-06 22:00:00+00:00,6.783333333333303
16354,2024-03-06 23:00:00+00:00,6.827777777777707
16355,2024-03-07 00:00:00+00:00,6.79444444444448
16356,2024-03-07 01:00:00+00:00,6.444444444444419
16357,2024-03-07 02:00:00+00:00,6.305555555555581
16358,2024-03-07 03:00:00+00:00,6.466666666666697
16359,2024-03-07 04:00:00+00:00,6.455555555555596
16360,2024-03-07 05:00:00+00:00,6.455555555555596
16361,2024-03-07 06:00:00+00:00,6.427777777777844
16362,2024-03-07 07:00:00+00:00,6.44999999999997
16363,2024-03-07 08:00:00+00:00,6.394444444444467
16364,2024-03-07 09:00:00+00:00,6.383333333333364
16365,2024-03-07 10:00:00+00:00,6.166666666666667
16366,2024-03-07 11:00:00+00:00,6.18888888888887
16367,2024-03-07 12:00:00+00:00,6.2333333333333485