id,_time,temperature_avg
14771,2024-01-01 00:00:00+00:00,-2.3253333333333335
14772,2024-01-01 01:00:00+00:00,-2.3286666666666664
14773,2024-01-01 02:00:00+00:00,-2.1893333333333334
14774,2024-01-01 03:00:00+00:00,-2.0235
14775,2024-01-01 04:00:00+00:00,-1.9295
14776,2024-01-01 05:00:00+00:00,-1.8028333333333333
14777,2024-01-01 06:00:00+00:00,-1.7383333333333333
14778,2024-01-01 07:00:00+00:00,-1.7328333333333334
14779,2024-01-01 08:00:00+00:00,-1.6945
14780,2024-01-01 09:00:00+00:00,-1.8103333333333333
14781,2024-01-01 10:00:00+00:00,-1.6280000000000001
14782,2024-01-01 11:00:00+00:00,-1.3958333333333333
14783,2024-01-01 12:00:00+00:00,-1.3825
14784,2024-01-01 13:00:00+00:00,-1.5778333333333334
14785,2024-01-01 14:00:00+00:00,-1.6701666666666668
14786,2024-01-01 15:00:00+00:00,-1.7876666666666665
14787,2024-01-01 16:00:00+00:00,-2.0563333333333333
14788,2024-01-01 17:00:00+00:00,-2.3175
14789,2024-01-01 18:00:00+00:00,-2.4911666666666665
14790,2024-01-01 19:00:00+00:00,-2.787333333333333
14791,2024-01-01 20:00:00+00:00,-3.1878333333333333
14792,2024-01-01 21:00:00+00:00,-3.4251666666666662
14793,2024-01-01 22:00:00+00:00,-3.4495
14794,2024-01-01 23:00:00+00:00,-3.5046666666666666
14795,2024-01-02 00:00:00+00:00,-3.6
14796,2024-01-02 01:00:00+00:00,-3.7
14797,2024-01-02 02:00:00+00:00,-3.774
14798,2024-01-02 03:00:00+00:00,-4.1305000000000005
14799,2024-01-02 04:00:00+00:00,-4.5905
14800,2024-01-02 05:00:00+00:00,-4.775333333333333
14801,2024-01-02 06:00:00+00:00,-5.2443333333333335
14802,2024-01-02 07:00:00+00:00,-5.653
14803,2024-01-02 08:00:00+00:00,-6.1498333333333335
14804,2024-01-02 09:00:00+00:00,-6.425666666666667
14805,2024-01-02 10:00:00+00:00,-6.147500000000001
14806,2024-01-02 11:00:00+00:00,-6.552166666666667
14807,2024-01-02 12:00:00+00:00,-6.436333333333334
14808,2024-01-02 13:00:00+00:00,-6.2749999999999995
14809,2024-01-02 14:00:00+00:00,-6.1265
14810,2024-01-02 15:00:00+00:00,-5.928666666666667
14811,2024-01-02 16:00:00+00:00,-5.783166666666666
14812,2024-01-02 17:00:00+00:00,-5.8295
14813,2024-01-02 18:00:00+00:00,-5.734500000000001
14814,2024-01-02 19:00:00+00:00,-5.7865
14815,2024-01-02 20:00:00+00:00,-5.959333333333333
14816,2024-01-02 21:00:00+00:00,-5.932333333333333
14817,2024-01-02 22:00:00+00:00,-6.0885
14818,2024-01-02 23:00:00+00:00,-6.369666666666667
14819,2024-01-03 00:00:00+00:00,-6.492999999999999
14820,2024-01-03 01:00:00+00:00,-6.582333333333334
14821,2024-01-03 02:00:00+00:00,-6.699333333333333
14822,2024-01-03 03:00:00+00:00,-6.791833333333333
14823,2024-01-03 04:00:00+00:00,-6.861666666666667
14824,2024-01-03 05:00:00+00:00,-7.102
14825,2024-01-03 06:00:00+00:00,-7.2345
14826,2024-01-03 07:00:00+00:00,-7.205333333333333
14827,2024-01-03 08:00:00+00:00,-7.167166666666667
14828,2024-01-03 09:00:00+00:00,-7.315166666666666
14829,2024-01-03 10:00:00+00:00,-7.177666666666667
14830,2024-01-03 11:00:00+00:00,-6.877833333333334
14831,2024-01-03 12:00:00+00:00,-6.871166666666667
14832,2024-01-03 13:00:00+00:00,-6.976666666666667
14833,2024-01-03 14:00:00+00:00,-6.919333333333333
14834,2024-01-03 15:00:00+00:00,-7.219
14835,2024-01-03 16:00:00+00:00,-7.319500000000001
14836,2024-01-03 17:00:00+00:00,-7.139333333333333
14837,2024-01-03 18:00:00+00:00,-7.238666666666667
14838,2024-01-03 19:00:00+00:00,-7.2011666666666665
14839,2024-01-03 20:00:00+00:00,-7.117333333333334
14840,2024-01-03 21:00:00+00:00,-7.0355
14841,2024-01-03 22:00:00+00:00,-7.308166666666668
14842,2024-01-03 23:00:00+00:00,-7.291
14843,2024-01-04 00:00:00+00:00,-7.285166666666666
14844,2024-01-04 01:00:00+00:00,-7.447666666666667
14845,2024-01-04 02:00:00+00:00,-7.6165
14846,2024-01-04 03:00:00+00:00,-7.1745
14847,2024-01-04 04:00:00+00:00,-6.969333333333334
14848,2024-01-04 05:00:00+00:00,-6.931166666666667
14849,2024-01-04 06:00:00+00:00,-7.009833333333333
14850,2024-01-04 07:00:00+00:00,-7.067666666666667
14851,2024-01-04 08:00:00+00:00,-7.159166666666667
14852,2024-01-04 09:00:00+00:00,-7.305499999999999
14853,2024-01-04 10:00:00+00:00,-7.2843333333333335
14854,2024-01-04 11:00:00+00:00,-7.405166666666666
14855,2024-01-04 12:00:00+00:00,-7.5715
14856,2024-01-04 13:00:00+00:00,-7.7425
14857,2024-01-04 14:00:00+00:00,-7.928666666666667
14858,2024-01-04 15:00:00+00:00,-8.252833333333333
14859,2024-01-04 16:00:00+00:00,-8.665000000000001
14860,2024-01-04 17:00:00+00:00,-8.838333333333333
14861,2024-01-04 18:00:00+00:00,-8.975
14862,2024-01-04 19:00:00+00:00,-9.088333333333333
14863,2024-01-04 20:00:00+00:00,-8.943333333333333
14864,2024-01-04 21:00:00+00:00,-9.145
14865,2024-01-04 22:00:00+00:00,-9.598333333333334
14866,2024-01-04 23:00:00+00:00,-9.943333333333333
14867,2024-01-05 00:00:00+00:00,-9.945
14868,2024-01-05 01:00:00+00:00,-9.056666666666667
14869,2024-01-05 02:00:00+00:00,-9.341666666666667
14870,2024-01-05 03:00:00+00:00,-8.915000000000001
14871,2024-01-05 04:00:00+00:00,-9.078333333333333
14872,2024-01-05 05:00:00+00:00,-8.438333333333334
14873,2024-01-05 06:00:00+00:00,-8.023166666666667
14874,2024-01-05 07:00:00+00:00,-7.689833333333333
14875,2024-01-05 08:00:00+00:00,-7.194166666666667
14876,2024-01-05 09:00:00+00:00,-6.705666666666667
14877,2024-01-05 10:00:00+00:00,-6.6205
14878,2024-01-05 11:00:00+00:00,-6.157
14879,2024-01-05 12:00:00+00:00,-5.5945
14880,2024-01-05 13:00:00+00:00,-5.405
14881,2024-01-05 14:00:00+00:00,-6.158333333333334
14882,2024-01-05 15:00:00+00:00,-6.116333333333333
14883,2024-01-05 16:00:00+00:00,-5.4355
14884,2024-01-05 17:00:00+00:00,-5.47
14885,2024-01-05 18:00:00+00:00,-5.3
14886,2024-01-05 19:00:00+00:00,-5.1
14887,2024-01-05 20:00:00+00:00,-4.938833333333333
14888,2024-01-05 21:00:00+00:00,-5.1305000000000005
14889,2024-01-05 22:00:00+00:00,-4.865666666666667
14890,2024-01-05 23:00:00+00:00,-4.809
14891,2024-01-06 00:00:00+00:00,-4.517333333333333
14892,2024-01-06 01:00:00+00:00,-4.044666666666667
14893,2024-01-06 02:00:00+00:00,-3.4338333333333337
14894,2024-01-06 03:00:00+00:00,-3.032
14895,2024-01-06 04:00:00+00:00,-3.065
14896,2024-01-06 05:00:00+00:00,-2.8821666666666665
14897,2024-01-06 06:00:00+00:00,-2.576
14898,2024-01-06 07:00:00+00:00,-2.3876666666666666
14899,2024-01-06 08:00:00+00:00,-2.5646666666666667
14900,2024-01-06 09:00:00+00:00,-3.3331666666666666
14901,2024-01-06 10:00:00+00:00,-3.6216666666666666
14902,2024-01-06 11:00:00+00:00,-3.231666666666667
14903,2024-01-06 12:00:00+00:00,-3.6028333333333333
14904,2024-01-06 13:00:00+00:00,-3.7358333333333333
14905,2024-01-06 14:00:00+00:00,-4.532
14906,2024-01-06 15:00:00+00:00,-4.246666666666667
14907,2024-01-06 16:00:00+00:00,-5.439166666666668
14908,2024-01-06 17:00:00+00:00,-5.351833333333334
14909,2024-01-06 18:00:00+00:00,-5.954000000000001
14910,2024-01-06 19:00:00+00:00,-5.876
14911,2024-01-06 20:00:00+00:00,-6.817
14912,2024-01-06 21:00:00+00:00,-6.314166666666666
14913,2024-01-06 22:00:00+00:00,-7.308
14914,2024-01-06 23:00:00+00:00,-7.333666666666667
14915,2024-01-07 00:00:00+00:00,-7.852833333333334
14916,2024-01-07 01:00:00+00:00,-7.504333333333334
14917,2024-01-07 02:00:00+00:00,-8.020833333333334
14918,2024-01-07 03:00:00+00:00,-8.353333333333333
14919,2024-01-07 04:00:00+00:00,-7.141666666666667
14920,2024-01-07 05:00:00+00:00,-7.636500000000001
14921,2024-01-07 06:00:00+00:00,-7.8045
14922,2024-01-07 07:00:00+00:00,-7.8885000000000005
14923,2024-01-07 08:00:00+00:00,-8.659833333333333
14924,2024-01-07 09:00:00+00:00,-7.777666666666666
14925,2024-01-07 10:00:00+00:00,-7.8741666666666665
14926,2024-01-07 11:00:00+00:00,-7.541333333333333
14927,2024-01-07 12:00:00+00:00,-7.089166666666667
14928,2024-01-07 13:00:00+00:00,-7.0005
14929,2024-01-07 14:00:00+00:00,-6.970666666666666
14930,2024-01-07 15:00:00+00:00,-6.109666666666667
14931,2024-01-07 16:00:00+00:00,-5.392833333333333
14932,2024-01-07 17:00:00+00:00,-4.7363333333333335
14933,2024-01-07 18:00:00+00:00,-4.394666666666667
14934,2024-01-07 19:00:00+00:00,-3.5536666666666665
14935,2024-01-07 20:00:00+00:00,-3.9658333333333338
14936,2024-01-07 21:00:00+00:00,-3.4803333333333337
14937,2024-01-07 22:00:00+00:00,-3.091833333333333
14938,2024-01-07 23:00:00+00:00,-0.41483333333333333
14939,2024-01-08 00:00:00+00:00,2.1966666666666668
14940,2024-01-08 01:00:00+00:00,4.007333333333333
14941,2024-01-08 02:00:00+00:00,3.8373333333333335
14942,2024-01-08 03:00:00+00:00,3.8703333333333334
14943,2024-01-08 04:00:00+00:00,4.008166666666667
14944,2024-01-08 05:00:00+00:00,4.101666666666667
14945,2024-01-08 06:00:00+00:00,3.9141666666666666
14946,2024-01-08 07:00:00+00:00,3.863
14947,2024-01-08 08:00:00+00:00,4.071833333333333
14948,2024-01-08 09:00:00+00:00,3.7424999999999997
14949,2024-01-08 10:00:00+00:00,3.8160000000000003
14950,2024-01-08 11:00:00+00:00,3.6326666666666667
14951,2024-01-08 12:00:00+00:00,3.7783333333333338
14952,2024-01-08 13:00:00+00:00,3.937333333333333
14953,2024-01-08 14:00:00+00:00,3.9915
14954,2024-01-08 15:00:00+00:00,4.106166666666667
14955,2024-01-08 16:00:00+00:00,4.1611666666666665
14956,2024-01-08 17:00:00+00:00,4.259166666666666
14957,2024-01-08 18:00:00+00:00,4.607666666666667
14958,2024-01-08 19:00:00+00:00,4.7115
14959,2024-01-08 20:00:00+00:00,4.3505
14960,2024-01-08 21:00:00+00:00,4.737333333333333
14961,2024-01-08 22:00:00+00:00,4.8933333333333335
14962,2024-01-08 23:00:00+00:00,4.675666666666667
14963,2024-01-09 00:00:00+00:00,5.263333333333334
14964,2024-01-09 01:00:00+00:00,5.336666666666667
14965,2024-01-09 02:00:00+00:00,5.354500000000001
14966,2024-01-09 03:00:00+00:00,5.355333333333333
14967,2024-01-09 04:00:00+00:00,5.313666666666666
14968,2024-01-09 05:00:00+00:00,5.3808333333333325
14969,2024-01-09 06:00:00+00:00,5.382666666666666
14970,2024-01-09 07:00:00+00:00,5.477833333333333
14971,2024-01-09 08:00:00+00:00,5.854333333333333
14972,2024-01-09 09:00:00+00:00,5.639833333333333
14973,2024-01-09 10:00:00+00:00,5.284666666666666
14974,2024-01-09 11:00:00+00:00,5.507833333333333
14975,2024-01-09 12:00:00+00:00,5.104333333333334
14976,2024-01-09 13:00:00+00:00,5.473
14977,2024-01-09 14:00:00+00:00,5.777166666666666
14978,2024-01-09 15:00:00+00:00,5.833166666666667
14979,2024-01-09 16:00:00+00:00,5.737166666666667
14980,2024-01-09 17:00:00+00:00,5.418166666666667
14981,2024-01-09 18:00:00+00:00,5.726666666666667
14982,2024-01-09 19:00:00+00:00,5.6615
14983,2024-01-09 20:00:00+00:00,5.5438
14984,2024-01-09 21:00:00+00:00,5.7
14985,2024-01-09 22:00:00+00:00,5.8549999999999995
14986,2024-01-09 23:00:00+00:00,5.899166666666667
14987,2024-01-10 00:00:00+00:00,5.931166666666667
14988,2024-01-10 01:00:00+00:00,5.685833333333334
14989,2024-01-10 02:00:00+00:00,5.474833333333334
14990,2024-01-10 03:00:00+00:00,5.636166666666667
14991,2024-01-10 04:00:00+00:00,5.435166666666667
14992,2024-01-10 05:00:00+00:00,5.452166666666667
14993,2024-01-10 06:00:00+00:00,5.484333333333333
14994,2024-01-10 07:00:00+00:00,5.3691666666666675
14995,2024-01-10 08:00:00+00:00,5.513166666666667
14996,2024-01-10 09:00:00+00:00,5.607500000000001
14997,2024-01-10 10:00:00+00:00,5.819
14998,2024-01-10 11:00:00+00:00,5.827500000000001
14999,2024-01-10 12:00:00+00:00,5.8015
15000,2024-01-10 13:00:00+00:00,6.119
15001,2024-01-10 14:00:00+00:00,6.205000000000001
15002,2024-01-10 15:00:00+00:00,5.9639999999999995
15003,2024-01-10 16:00:00+00:00,5.945833333333333
15004,2024-01-10 17:00:00+00:00,6.458833333333334
15005,2024-01-10 18:00:00+00:00,6.334166666666667
15006,2024-01-10 19:00:00+00:00,6.164000000000001
15007,2024-01-10 20:00:00+00:00,6.259333333333333
15008,2024-01-10 21:00:00+00:00,6.242333333333334
15009,2024-01-10 22:00:00+00:00,5.7865
15010,2024-01-10 23:00:00+00:00,5.7925
15011,2024-01-11 00:00:00+00:00,6.6615
15012,2024-01-11 01:00:00+00:00,6.243666666666667
15013,2024-01-11 02:00:00+00:00,6.079166666666667
15014,2024-01-11 03:00:00+00:00,5.972333333333334
15015,2024-01-11 04:00:00+00:00,5.716833333333334
15016,2024-01-11 05:00:00+00:00,5.621833333333334
15017,2024-01-11 06:00:00+00:00,5.350833333333334
15018,2024-01-11 07:00:00+00:00,5.269833333333334
15019,2024-01-11 08:00:00+00:00,5.161166666666667
15020,2024-01-11 09:00:00+00:00,5.573666666666667
15021,2024-01-11 10:00:00+00:00,5.5023333333333335
15022,2024-01-11 11:00:00+00:00,5.387833333333333
15023,2024-01-11 12:00:00+00:00,5.4318333333333335
15024,2024-01-11 13:00:00+00:00,5.3805000000000005
15025,2024-01-11 14:00:00+00:00,5.575500000000001
15026,2024-01-11 15:00:00+00:00,5.3785
15027,2024-01-11 16:00:00+00:00,5.0888333333333335
15028,2024-01-11 17:00:00+00:00,4.664666666666666
15029,2024-01-11 18:00:00+00:00,5.302
15030,2024-01-11 19:00:00+00:00,5.3015
15031,2024-01-11 20:00:00+00:00,5.1925
15032,2024-01-11 21:00:00+00:00,5.23025
15033,2024-01-11 22:00:00+00:00,5.12
15034,2024-01-11 23:00:00+00:00,5.0809999999999995
15035,2024-01-12 00:00:00+00:00,5.299
15036,2024-01-12 01:00:00+00:00,5.385166666666667
15037,2024-01-12 02:00:00+00:00,5.235666666666667
15038,2024-01-12 03:00:00+00:00,5.107166666666667
15039,2024-01-12 04:00:00+00:00,5.3475
15040,2024-01-12 05:00:00+00:00,5.9375
15041,2024-01-12 06:00:00+00:00,6.0075
15042,2024-01-12 07:00:00+00:00,5.729833333333333
15043,2024-01-12 08:00:00+00:00,5.309333333333334
15044,2024-01-12 09:00:00+00:00,5.6754999999999995
15045,2024-01-12 10:00:00+00:00,5.526166666666668
15046,2024-01-12 11:00:00+00:00,5.485499999999999
15047,2024-01-12 12:00:00+00:00,5.3315
15048,2024-01-12 13:00:00+00:00,5.1005
15049,2024-01-12 14:00:00+00:00,5.388833333333333
15050,2024-01-12 15:00:00+00:00,5.401833333333333
15051,2024-01-12 16:00:00+00:00,4.712666666666666
15052,2024-01-12 17:00:00+00:00,4.164666666666666
15053,2024-01-12 18:00:00+00:00,5.531833333333334
15054,2024-01-12 19:00:00+00:00,6.087833333333333
15055,2024-01-12 20:00:00+00:00,5.5075
15056,2024-01-12 21:00:00+00:00,5.153
15057,2024-01-12 22:00:00+00:00,4.575833333333333
15058,2024-01-12 23:00:00+00:00,5.237666666666667
15059,2024-01-13 00:00:00+00:00,5.417833333333333
15060,2024-01-13 01:00:00+00:00,5.3225
15061,2024-01-13 02:00:00+00:00,5.2935
15062,2024-01-13 03:00:00+00:00,4.990166666666666
15063,2024-01-13 04:00:00+00:00,4.424833333333333
15064,2024-01-13 05:00:00+00:00,4.356833333333333
15065,2024-01-13 06:00:00+00:00,4.157
15066,2024-01-13 07:00:00+00:00,4.458333333333333
15067,2024-01-13 08:00:00+00:00,4.7785
15068,2024-01-13 09:00:00+00:00,4.8475
15069,2024-01-13 10:00:00+00:00,4.474833333333334
15070,2024-01-13 11:00:00+00:00,4.051666666666667
15071,2024-01-13 12:00:00+00:00,4.068666666666666
15072,2024-01-13 13:00:00+00:00,4.210166666666667
15073,2024-01-13 14:00:00+00:00,4.957166666666667
15074,2024-01-13 15:00:00+00:00,5.160166666666666
15075,2024-01-13 16:00:00+00:00,5.034666666666666
15076,2024-01-13 17:00:00+00:00,4.8261666666666665
15077,2024-01-13 18:00:00+00:00,4.609333333333333
15078,2024-01-13 19:00:00+00:00,4.165
15079,2024-01-13 20:00:00+00:00,4.3355
15080,2024-01-13 21:00:00+00:00,4.72
15081,2024-01-13 22:00:00+00:00,4.2043333333333335
15082,2024-01-13 23:00:00+00:00,3.4293333333333336
15083,2024-01-14 00:00:00+00:00,2.407833333333333
15084,2024-01-14 01:00:00+00:00,2.1801666666666666
15085,2024-01-14 02:00:00+00:00,2.7423333333333333
15086,2024-01-14 03:00:00+00:00,1.9029999999999998
15087,2024-01-14 04:00:00+00:00,1.029
15088,2024-01-14 05:00:00+00:00,0.6461666666666667
15089,2024-01-14 06:00:00+00:00,0.43566666666666665
15090,2024-01-14 07:00:00+00:00,0.44
15091,2024-01-14 08:00:00+00:00,0.5355
15092,2024-01-14 09:00:00+00:00,0.18683333333333332
15093,2024-01-14 10:00:00+00:00,0.4555
15094,2024-01-14 11:00:00+00:00,1.007
15095,2024-01-14 12:00:00+00:00,0.741
15096,2024-01-14 13:00:00+00:00,0.3858333333333333
15097,2024-01-14 14:00:00+00:00,-0.12933333333333333
15098,2024-01-14 15:00:00+00:00,-0.6565
15099,2024-01-14 16:00:00+00:00,-1.4298333333333335
15100,2024-01-14 17:00:00+00:00,-2.2013333333333334
15101,2024-01-14 18:00:00+00:00,-2.0268333333333333
15102,2024-01-14 19:00:00+00:00,-2.394
15103,2024-01-14 20:00:00+00:00,-1.8433333333333335
15104,2024-01-14 21:00:00+00:00,-1.6355000000000002
15105,2024-01-14 22:00:00+00:00,-2.205
15106,2024-01-14 23:00:00+00:00,-2.6878333333333333
15107,2024-01-15 00:00:00+00:00,-2.369666666666667
15108,2024-01-15 01:00:00+00:00,-2.7733333333333334
15109,2024-01-15 02:00:00+00:00,-3.171333333333333
15110,2024-01-15 03:00:00+00:00,-3.5391666666666666
15111,2024-01-15 04:00:00+00:00,-3.836
15112,2024-01-15 05:00:00+00:00,-4.4485
15113,2024-01-15 06:00:00+00:00,-4.854
15114,2024-01-15 07:00:00+00:00,-4.2491666666666665
15115,2024-01-15 08:00:00+00:00,-3.760666666666667
15116,2024-01-15 09:00:00+00:00,-4.449166666666667
15117,2024-01-15 10:00:00+00:00,-4.993166666666666
15118,2024-01-15 11:00:00+00:00,-5.3755
15119,2024-01-15 12:00:00+00:00,-5.305166666666667
15120,2024-01-15 13:00:00+00:00,-5.294833333333333
15121,2024-01-15 14:00:00+00:00,-5.446833333333333
15122,2024-01-15 15:00:00+00:00,-5.9715
15123,2024-01-15 16:00:00+00:00,-6.632833333333333
15124,2024-01-15 17:00:00+00:00,-7.043333333333334
15125,2024-01-15 18:00:00+00:00,-7.032166666666666
15126,2024-01-15 19:00:00+00:00,-7.755166666666667
15127,2024-01-15 20:00:00+00:00,-8.096166666666667
15128,2024-01-15 21:00:00+00:00,-7.716333333333334
15129,2024-01-15 22:00:00+00:00,-7.570833333333333
15130,2024-01-15 23:00:00+00:00,-7.490666666666667
15131,2024-01-16 00:00:00+00:00,-7.802166666666667
15132,2024-01-16 01:00:00+00:00,-7.8625
15133,2024-01-16 02:00:00+00:00,-7.4303333333333335
15134,2024-01-16 03:00:00+00:00,-7.535333333333334
15135,2024-01-16 04:00:00+00:00,-7.3998333333333335
15136,2024-01-16 05:00:00+00:00,-6.858333333333333
15137,2024-01-16 06:00:00+00:00,-6.262333333333333
15138,2024-01-16 07:00:00+00:00,-6.717666666666666
15139,2024-01-16 08:00:00+00:00,-6.9111666666666665
15140,2024-01-16 09:00:00+00:00,-6.4621666666666675
15141,2024-01-16 10:00:00+00:00,-6.369666666666667
15142,2024-01-16 11:00:00+00:00,-5.734999999999999
15143,2024-01-16 12:00:00+00:00,-5.507666666666666
15144,2024-01-16 13:00:00+00:00,-4.8035
15145,2024-01-16 14:00:00+00:00,-4.984166666666667
15146,2024-01-16 15:00:00+00:00,-3.2421666666666664
15147,2024-01-16 16:00:00+00:00,-3.0881666666666665
15148,2024-01-16 17:00:00+00:00,-4.502166666666667
15149,2024-01-16 18:00:00+00:00,-4.683
15150,2024-01-16 19:00:00+00:00,-5.5473333333333334
15151,2024-01-16 20:00:00+00:00,-5.638833333333333
15152,2024-01-16 21:00:00+00:00,-6.054333333333333
15153,2024-01-16 22:00:00+00:00,-6.611999999999999
15154,2024-01-16 23:00:00+00:00,-6.8051666666666675
15155,2024-01-17 00:00:00+00:00,-6.9495000000000005
15156,2024-01-17 01:00:00+00:00,-7.451333333333333
15157,2024-01-17 02:00:00+00:00,-7.503166666666666
15158,2024-01-17 03:00:00+00:00,-7.794833333333334
15159,2024-01-17 04:00:00+00:00,-8.605
15160,2024-01-17 05:00:00+00:00,-8.565
15161,2024-01-17 06:00:00+00:00,-8.435
15162,2024-01-17 07:00:00+00:00,-8.52
15163,2024-01-17 08:00:00+00:00,-8.801666666666668
15164,2024-01-17 09:00:00+00:00,-8.998333333333333
15165,2024-01-17 10:00:00+00:00,-9.233333333333334
15166,2024-01-17 11:00:00+00:00,-9.838333333333333
15167,2024-01-17 12:00:00+00:00,-9.938333333333333
15168,2024-01-17 13:00:00+00:00,-10.076666666666666
15169,2024-01-17 14:00:00+00:00,-10.215
15170,2024-01-17 15:00:00+00:00,-10.226666666666667
15171,2024-01-17 16:00:00+00:00,-10.753333333333332
15172,2024-01-17 17:00:00+00:00,-10.791666666666666
15173,2024-01-17 18:00:00+00:00,-11.311666666666667
15174,2024-01-17 19:00:00+00:00,-11.263333333333334
15175,2024-01-17 20:00:00+00:00,-11.19
15176,2024-01-17 21:00:00+00:00,-10.771666666666667
15177,2024-01-17 22:00:00+00:00,-11.241666666666667
15178,2024-01-17 23:00:00+00:00,-11.208333333333334
15179,2024-01-18 00:00:00+00:00,-11.200000000000001
15180,2024-01-18 01:00:00+00:00,-11.14
15181,2024-01-18 02:00:00+00:00,-11.296666666666667
15182,2024-01-18 03:00:00+00:00,-11.415
15183,2024-01-18 04:00:00+00:00,-11.285000000000002
15184,2024-01-18 05:00:00+00:00,-10.793333333333331
15185,2024-01-18 06:00:00+00:00,-10.401666666666666
15186,2024-01-18 07:00:00+00:00,-10.523333333333333
15187,2024-01-18 08:00:00+00:00,-10.201666666666666
15188,2024-01-18 09:00:00+00:00,-10.19
15189,2024-01-18 10:00:00+00:00,-9.753333333333332
15190,2024-01-18 11:00:00+00:00,-9.51
15191,2024-01-18 12:00:00+00:00,-9.251666666666667
15192,2024-01-18 13:00:00+00:00,-9.22
15193,2024-01-18 14:00:00+00:00,-9.593333333333334
15194,2024-01-18 15:00:00+00:00,-10.113333333333333
15195,2024-01-18 16:00:00+00:00,-10.528333333333334
15196,2024-01-18 17:00:00+00:00,-10.295
15197,2024-01-18 18:00:00+00:00,-9.953333333333333
15198,2024-01-18 19:00:00+00:00,-9.445
15199,2024-01-18 20:00:00+00:00,-8.99
15200,2024-01-18 21:00:00+00:00,-8.963333333333333
15201,2024-01-18 22:00:00+00:00,-8.405
15202,2024-01-18 23:00:00+00:00,-8.256666666666666
15203,2024-01-19 00:00:00+00:00,-8.315
15204,2024-01-19 01:00:00+00:00,-8.455
15205,2024-01-19 02:00:00+00:00,-8.185
15206,2024-01-19 03:00:00+00:00,-8.141666666666667
15207,2024-01-19 04:00:00+00:00,-8.198833333333333
15208,2024-01-19 05:00:00+00:00,-8.268333333333333
15209,2024-01-19 06:00:00+00:00,-7.7855
15210,2024-01-19 07:00:00+00:00,-7.802833333333333
15211,2024-01-19 08:00:00+00:00,-7.976166666666667
15212,2024-01-19 09:00:00+00:00,-7.8069999999999995
15213,2024-01-19 10:00:00+00:00,-7.471666666666667
15214,2024-01-19 11:00:00+00:00,-7.696666666666666
15215,2024-01-19 12:00:00+00:00,-7.325833333333333
15216,2024-01-19 13:00:00+00:00,-6.890000000000001
15217,2024-01-19 14:00:00+00:00,-6.737166666666667
15218,2024-01-19 15:00:00+00:00,-6.522333333333333
15219,2024-01-19 16:00:00+00:00,-6.589166666666667
15220,2024-01-19 17:00:00+00:00,-6.863833333333333
15221,2024-01-19 18:00:00+00:00,-7.205333333333333
15222,2024-01-19 19:00:00+00:00,-7.120166666666666
15223,2024-01-19 20:00:00+00:00,-7.2285
15224,2024-01-19 21:00:00+00:00,-7.471
15225,2024-01-19 22:00:00+00:00,-7.882666666666666
15226,2024-01-19 23:00:00+00:00,-8.51
15227,2024-01-20 00:00:00+00:00,-8.581666666666667
15228,2024-01-20 01:00:00+00:00,-8.961666666666666
15229,2024-01-20 02:00:00+00:00,-8.985
15230,2024-01-20 03:00:00+00:00,-8.918333333333335
15231,2024-01-20 04:00:00+00:00,-8.298499999999999
15232,2024-01-20 05:00:00+00:00,-8.32
15233,2024-01-20 06:00:00+00:00,-8.154333333333334
15234,2024-01-20 07:00:00+00:00,-7.801833333333334
15235,2024-01-20 08:00:00+00:00,-7.465
15236,2024-01-20 09:00:00+00:00,-6.654166666666666
15237,2024-01-20 10:00:00+00:00,-6.1885
15238,2024-01-20 11:00:00+00:00,-5.552833333333333
15239,2024-01-20 12:00:00+00:00,-5.832166666666667
15240,2024-01-20 13:00:00+00:00,-5.790166666666667
15241,2024-01-20 14:00:00+00:00,-5.2796666666666665
15242,2024-01-20 15:00:00+00:00,-6.084499999999999
15243,2024-01-20 16:00:00+00:00,-5.128833333333334
15244,2024-01-20 17:00:00+00:00,-4.321166666666667
15245,2024-01-20 18:00:00+00:00,-2.2336666666666667
15246,2024-01-20 19:00:00+00:00,-1.2876666666666667
15247,2024-01-20 20:00:00+00:00,-0.6833333333333332
15248,2024-01-20 21:00:00+00:00,-0.1865
15249,2024-01-20 22:00:00+00:00,-0.5881666666666666
15250,2024-01-20 23:00:00+00:00,-0.8375
15251,2024-01-21 00:00:00+00:00,0.084
15252,2024-01-21 01:00:00+00:00,0.041666666666666664
15253,2024-01-21 02:00:00+00:00,-0.298
15254,2024-01-21 03:00:00+00:00,-0.09799999999999999
15255,2024-01-21 04:00:00+00:00,0.045000000000000005
15256,2024-01-21 05:00:00+00:00,0.43050000000000005
15257,2024-01-21 06:00:00+00:00,1.2418333333333333
15258,2024-01-21 07:00:00+00:00,1.8215000000000001
15259,2024-01-21 08:00:00+00:00,2.35
15260,2024-01-21 09:00:00+00:00,3.0901666666666667
15261,2024-01-21 10:00:00+00:00,3.5961666666666665
15262,2024-01-21 11:00:00+00:00,3.7786666666666666
15263,2024-01-21 12:00:00+00:00,3.7763333333333335
15264,2024-01-21 13:00:00+00:00,3.736
15265,2024-01-21 14:00:00+00:00,4.273499999999999
15266,2024-01-21 15:00:00+00:00,4.7705
15267,2024-01-21 16:00:00+00:00,4.669833333333333
15268,2024-01-21 17:00:00+00:00,4.472833333333333
15269,2024-01-21 18:00:00+00:00,4.341333333333334
15270,2024-01-21 19:00:00+00:00,4.198166666666666
15271,2024-01-21 20:00:00+00:00,3.6946666666666665
15272,2024-01-21 21:00:00+00:00,3.448166666666667
15273,2024-01-21 22:00:00+00:00,3.7358333333333333
15274,2024-01-21 23:00:00+00:00,3.783
15275,2024-01-22 00:00:00+00:00,3.5559999999999996
15276,2024-01-22 01:00:00+00:00,3.654166666666667
15277,2024-01-22 02:00:00+00:00,3.9436666666666667
15278,2024-01-22 03:00:00+00:00,4.830166666666667
15279,2024-01-22 04:00:00+00:00,5.163333333333333
15280,2024-01-22 05:00:00+00:00,5.906
15281,2024-01-22 06:00:00+00:00,6.911
15282,2024-01-22 07:00:00+00:00,6.8455
15283,2024-01-22 08:00:00+00:00,6.962166666666666
15284,2024-01-22 09:00:00+00:00,6.966833333333334
15285,2024-01-22 10:00:00+00:00,7.104333333333333
15286,2024-01-22 11:00:00+00:00,7.176166666666667
15287,2024-01-22 12:00:00+00:00,7.386166666666667
15288,2024-01-22 13:00:00+00:00,7.391666666666667
15289,2024-01-22 14:00:00+00:00,7.650333333333333
15290,2024-01-22 15:00:00+00:00,7.462166666666666
15291,2024-01-22 16:00:00+00:00,6.406833333333334
15292,2024-01-22 17:00:00+00:00,6.800833333333333
15293,2024-01-22 18:00:00+00:00,6.5249999999999995
15294,2024-01-22 19:00:00+00:00,5.143666666666667
15295,2024-01-22 20:00:00+00:00,4.802666666666667
15296,2024-01-22 21:00:00+00:00,5.78
15297,2024-01-22 22:00:00+00:00,4.860166666666667
15298,2024-01-22 23:00:00+00:00,6.411666666666666
15299,2024-01-23 00:00:00+00:00,5.5151666666666666
15300,2024-01-23 01:00:00+00:00,4.606833333333333
15301,2024-01-23 02:00:00+00:00,5.464666666666666
15302,2024-01-23 03:00:00+00:00,4.854833333333333
15303,2024-01-23 04:00:00+00:00,4.9755
15304,2024-01-23 05:00:00+00:00,4.4965
15305,2024-01-23 06:00:00+00:00,5.078333333333333
15306,2024-01-23 07:00:00+00:00,4.937166666666667
15307,2024-01-23 08:00:00+00:00,4.928
15308,2024-01-23 09:00:00+00:00,5.085166666666667
15309,2024-01-23 10:00:00+00:00,5.311333333333334
15310,2024-01-23 11:00:00+00:00,5.245666666666666
15311,2024-01-23 12:00:00+00:00,4.030333333333334
15312,2024-01-23 13:00:00+00:00,4.561166666666667
15313,2024-01-23 14:00:00+00:00,4.150333333333333
15314,2024-01-23 15:00:00+00:00,3.8943333333333334
15315,2024-01-23 16:00:00+00:00,3.458
15316,2024-01-23 17:00:00+00:00,3.4196666666666666
15317,2024-01-23 18:00:00+00:00,2.917
15318,2024-01-23 19:00:00+00:00,2.524833333333333
15319,2024-01-23 20:00:00+00:00,2.9118333333333335
15320,2024-01-23 21:00:00+00:00,2.7063333333333333
15321,2024-01-23 22:00:00+00:00,3.311
15322,2024-01-23 23:00:00+00:00,3.593166666666667
15323,2024-01-24 00:00:00+00:00,3.8770000000000002
15324,2024-01-24 01:00:00+00:00,4.789166666666667
15325,2024-01-24 02:00:00+00:00,4.757000000000001
15326,2024-01-24 03:00:00+00:00,4.608666666666667
15327,2024-01-24 04:00:00+00:00,4.520833333333333
15328,2024-01-24 05:00:00+00:00,4.709166666666667
15329,2024-01-24 06:00:00+00:00,4.552666666666666
15330,2024-01-24 07:00:00+00:00,4.5680000000000005
15331,2024-01-24 08:00:00+00:00,4.737333333333333
15332,2024-01-24 09:00:00+00:00,5.149166666666667
15333,2024-01-24 10:00:00+00:00,5.240333333333333
15334,2024-01-24 11:00:00+00:00,5.4748
15335,2024-01-24 12:00:00+00:00,4.46
15336,2024-01-24 13:00:00+00:00,3.7
15337,2024-01-24 14:00:00+00:00,3.446
15338,2024-01-24 15:00:00+00:00,3.1315000000000004
15339,2024-01-24 16:00:00+00:00,2.8930000000000002
15340,2024-01-24 17:00:00+00:00,2.8215
15341,2024-01-24 18:00:00+00:00,2.997
15342,2024-01-24 19:00:00+00:00,2.5814999999999997
15343,2024-01-24 20:00:00+00:00,2.0526666666666666
15344,2024-01-24 21:00:00+00:00,1.8816666666666666
15345,2024-01-24 22:00:00+00:00,2.0675000000000003
15346,2024-01-24 23:00:00+00:00,2.313333333333333
15347,2024-01-25 00:00:00+00:00,3.8994999999999997
15348,2024-01-25 01:00:00+00:00,4.558333333333334
15349,2024-01-25 02:00:00+00:00,4.578333333333333
15350,2024-01-25 03:00:00+00:00,4.4910000000000005
15351,2024-01-25 04:00:00+00:00,4.458
15352,2024-01-25 05:00:00+00:00,4.675166666666667
15353,2024-01-25 06:00:00+00:00,4.9111666666666665
15354,2024-01-25 07:00:00+00:00,4.684
15355,2024-01-25 08:00:00+00:00,4.395833333333333
15356,2024-01-25 09:00:00+00:00,3.919333333333334
15357,2024-01-25 10:00:00+00:00,4.297666666666667
15358,2024-01-25 11:00:00+00:00,3.7714999999999996
15359,2024-01-25 12:00:00+00:00,4.3465
15360,2024-01-25 13:00:00+00:00,4.3915
15361,2024-01-25 14:00:00+00:00,4.072
15362,2024-01-25 15:00:00+00:00,4.063666666666666
15363,2024-01-25 16:00:00+00:00,3.8723333333333336
15364,2024-01-25 17:00:00+00:00,3.8303333333333334
15365,2024-01-25 18:00:00+00:00,3.5585
15366,2024-01-25 19:00:00+00:00,3.1229999999999998
15367,2024-01-25 20:00:00+00:00,2.516833333333333
15368,2024-01-25 21:00:00+00:00,2.1043333333333334
15369,2024-01-25 22:00:00+00:00,2.1863333333333332
15370,2024-01-25 23:00:00+00:00,2.748333333333333
15371,2024-01-26 00:00:00+00:00,3.5035000000000003
15372,2024-01-26 01:00:00+00:00,3.7411666666666665
15373,2024-01-26 02:00:00+00:00,3.9506666666666668
15374,2024-01-26 03:00:00+00:00,4.461666666666667
15375,2024-01-26 04:00:00+00:00,4.824333333333333
15376,2024-01-26 05:00:00+00:00,4.983333333333333
15377,2024-01-26 06:00:00+00:00,5.451666666666667
15378,2024-01-26 07:00:00+00:00,5.527
15379,2024-01-26 08:00:00+00:00,5.364999999999999
15380,2024-01-26 09:00:00+00:00,5.800166666666667
15381,2024-01-26 10:00:00+00:00,5.939166666666666
15382,2024-01-26 11:00:00+00:00,5.8125
15383,2024-01-26 12:00:00+00:00,5.966833333333334
15384,2024-01-26 13:00:00+00:00,6.0745000000000005
15385,2024-01-26 14:00:00+00:00,5.347833333333334
15386,2024-01-26 15:00:00+00:00,5.2235000000000005
15387,2024-01-26 16:00:00+00:00,5.412166666666667
15388,2024-01-26 17:00:00+00:00,5.0635
15389,2024-01-26 18:00:00+00:00,5.604
15390,2024-01-26 19:00:00+00:00,5.549499999999999
15391,2024-01-26 20:00:00+00:00,5.444333333333333
15392,2024-01-26 21:00:00+00:00,4.974333333333333
15393,2024-01-26 22:00:00+00:00,3.9034999999999997
15394,2024-01-26 23:00:00+00:00,3.1061666666666667
15395,2024-01-27 00:00:00+00:00,3.2268333333333334
15396,2024-01-27 01:00:00+00:00,3.201833333333333
15397,2024-01-27 02:00:00+00:00,2.856
15398,2024-01-27 03:00:00+00:00,4.263
15399,2024-01-27 04:00:00+00:00,4.805
15400,2024-01-27 05:00:00+00:00,4.4
15401,2024-01-27 06:00:00+00:00,4.197
15402,2024-01-27 07:00:00+00:00,4.451833333333334
15403,2024-01-27 08:00:00+00:00,4.237
15404,2024-01-27 09:00:00+00:00,3.765166666666667
15405,2024-01-27 10:00:00+00:00,4.603666666666666
15406,2024-01-27 11:00:00+00:00,4.668833333333334
15407,2024-01-27 12:00:00+00:00,4.399333333333334
15408,2024-01-27 13:00:00+00:00,4.3555
15409,2024-01-27 14:00:00+00:00,4.358
15410,2024-01-27 15:00:00+00:00,6.4685
15411,2024-01-27 16:00:00+00:00,5.6035
15412,2024-01-27 17:00:00+00:00,5.9223333333333334
15413,2024-01-27 18:00:00+00:00,5.0584999999999996
15414,2024-01-27 19:00:00+00:00,5.1415
15415,2024-01-27 20:00:00+00:00,5.201833333333333
15416,2024-01-27 21:00:00+00:00,4.781166666666667
15417,2024-01-27 22:00:00+00:00,5.231000000000001
15418,2024-01-27 23:00:00+00:00,4.9965
15419,2024-01-28 00:00:00+00:00,4.979500000000001
15420,2024-01-28 01:00:00+00:00,5.416333333333333
15421,2024-01-28 02:00:00+00:00,5.815833333333333
15422,2024-01-28 03:00:00+00:00,4.276
15423,2024-01-28 04:00:00+00:00,4.190833333333333
15424,2024-01-28 05:00:00+00:00,4.215166666666667
15425,2024-01-28 06:00:00+00:00,4.2285
15426,2024-01-28 07:00:00+00:00,4.045166666666667
15427,2024-01-28 08:00:00+00:00,3.889
15428,2024-01-28 09:00:00+00:00,4.083
15429,2024-01-28 10:00:00+00:00,4.329666666666667
15430,2024-01-28 11:00:00+00:00,6.301833333333334
15431,2024-01-28 12:00:00+00:00,7.924499999999999
15432,2024-01-28 13:00:00+00:00,8.753333333333334
15433,2024-01-28 14:00:00+00:00,9.13
15434,2024-01-28 15:00:00+00:00,9.103333333333333
15435,2024-01-28 16:00:00+00:00,8.834999999999999
15436,2024-01-28 17:00:00+00:00,8.423333333333334
15437,2024-01-28 18:00:00+00:00,8.525
15438,2024-01-28 19:00:00+00:00,9.040000000000001
15439,2024-01-28 20:00:00+00:00,9.568333333333333
15440,2024-01-28 21:00:00+00:00,9.551666666666668
15441,2024-01-28 22:00:00+00:00,10.12
15442,2024-01-28 23:00:00+00:00,10.566666666666666
15443,2024-01-29 00:00:00+00:00,10.696666666666667
15444,2024-01-29 01:00:00+00:00,10.066666666666666
15445,2024-01-29 02:00:00+00:00,8.881666666666666
15446,2024-01-29 03:00:00+00:00,7.841
15447,2024-01-29 04:00:00+00:00,7.197333333333333
15448,2024-01-29 05:00:00+00:00,7.333666666666667
15449,2024-01-29 06:00:00+00:00,7.279333333333334
15450,2024-01-29 07:00:00+00:00,6.981333333333333
15451,2024-01-29 08:00:00+00:00,6.9750000000000005
15452,2024-01-29 09:00:00+00:00,6.9751666666666665
15453,2024-01-29 10:00:00+00:00,6.8505
15454,2024-01-29 11:00:00+00:00,6.541
15455,2024-01-29 12:00:00+00:00,6.978666666666666
15456,2024-01-29 13:00:00+00:00,7.2505
15457,2024-01-29 14:00:00+00:00,7.075333333333333
15458,2024-01-29 15:00:00+00:00,6.7215
15459,2024-01-29 16:00:00+00:00,6.359666666666667
15460,2024-01-29 17:00:00+00:00,6.483499999999999
15461,2024-01-29 18:00:00+00:00,6.442166666666666
15462,2024-01-29 19:00:00+00:00,6.385833333333333
15463,2024-01-29 20:00:00+00:00,5.994
15464,2024-01-29 21:00:00+00:00,4.697333333333334
15465,2024-01-29 22:00:00+00:00,4.066833333333333
15466,2024-01-29 23:00:00+00:00,3.405
15467,2024-01-30 00:00:00+00:00,3.4821666666666666
15468,2024-01-30 01:00:00+00:00,5.193833333333333
15469,2024-01-30 02:00:00+00:00,5.825833333333333
15470,2024-01-30 03:00:00+00:00,5.246166666666666
15471,2024-01-30 04:00:00+00:00,3.627333333333333
15472,2024-01-30 05:00:00+00:00,2.9258333333333333
15473,2024-01-30 06:00:00+00:00,3.6566666666666667
15474,2024-01-30 07:00:00+00:00,3.049
15475,2024-01-30 08:00:00+00:00,2.6903333333333332
15476,2024-01-30 09:00:00+00:00,2.529333333333333
15477,2024-01-30 10:00:00+00:00,2.743
15478,2024-01-30 11:00:00+00:00,2.907666666666667
15479,2024-01-30 12:00:00+00:00,3.1455
15480,2024-01-30 13:00:00+00:00,3.0531666666666664
15481,2024-01-30 14:00:00+00:00,2.7070000000000003
15482,2024-01-30 15:00:00+00:00,2.07
15483,2024-01-30 16:00:00+00:00,2.4306666666666668
15484,2024-01-30 17:00:00+00:00,1.6203333333333336
15485,2024-01-30 18:00:00+00:00,1.539
15486,2024-01-30 19:00:00+00:00,1.0246666666666666
15487,2024-01-30 20:00:00+00:00,1.7561666666666669
15488,2024-01-30 21:00:00+00:00,1.6176666666666666
15489,2024-01-30 22:00:00+00:00,1.4728333333333332
15490,2024-01-30 23:00:00+00:00,1.2418333333333333
15491,2024-01-31 00:00:00+00:00,0.9193333333333333
15492,2024-01-31 01:00:00+00:00,0.8068333333333332
15493,2024-01-31 02:00:00+00:00,0.7835
15494,2024-01-31 03:00:00+00:00,0.47783333333333333
15495,2024-01-31 04:00:00+00:00,1.4156666666666666
15496,2024-01-31 05:00:00+00:00,1.9563333333333333
15497,2024-01-31 06:00:00+00:00,2.2346666666666666
15498,2024-01-31 07:00:00+00:00,2.3673333333333333
15499,2024-01-31 08:00:00+00:00,3.2825
15500,2024-01-31 09:00:00+00:00,4.179833333333334
15501,2024-01-31 10:00:00+00:00,4.977666666666667
15502,2024-01-31 11:00:00+00:00,6.313333333333333
15503,2024-01-31 12:00:00+00:00,7.067166666666666
15504,2024-01-31 13:00:00+00:00,7.3821666666666665
15505,2024-01-31 14:00:00+00:00,6.8068333333333335
15506,2024-01-31 15:00:00+00:00,6.742999999999999
15507,2024-01-31 16:00:00+00:00,6.601500000000001
15508,2024-01-31 17:00:00+00:00,6.983999999999999
15509,2024-01-31 18:00:00+00:00,6.2505
15510,2024-01-31 19:00:00+00:00,4.6195
15511,2024-01-31 20:00:00+00:00,5.795333333333333
15512,2024-01-31 21:00:00+00:00,5.697333333333333
15513,2024-01-31 22:00:00+00:00,3.204333333333333
15514,2024-01-31 23:00:00+00:00,3.1171666666666664
15515,2024-02-01 00:00:00+00:00,3.345833333333333
15516,2024-02-01 01:00:00+00:00,4.096666666666667
15517,2024-02-01 02:00:00+00:00,2.8236666666666665
15518,2024-02-01 03:00:00+00:00,3.0226666666666664
15519,2024-02-01 04:00:00+00:00,3.0135
15520,2024-02-01 05:00:00+00:00,3.2448333333333337
15521,2024-02-01 06:00:00+00:00,1.4861666666666666
15522,2024-02-01 07:00:00+00:00,1.4673333333333334
15523,2024-02-01 08:00:00+00:00,2.7571666666666665
15524,2024-02-01 09:00:00+00:00,3.986
15525,2024-02-01 10:00:00+00:00,3.7744999999999997
15526,2024-02-01 11:00:00+00:00,3.4825
15527,2024-02-01 12:00:00+00:00,3.7295
15528,2024-02-01 13:00:00+00:00,3.547333333333333
15529,2024-02-01 14:00:00+00:00,3.3653333333333335
15530,2024-02-01 15:00:00+00:00,3.5066666666666664
15531,2024-02-01 16:00:00+00:00,3.458
15532,2024-02-01 17:00:00+00:00,2.1893333333333334
15533,2024-02-01 18:00:00+00:00,2.2525
15534,2024-02-01 19:00:00+00:00,1.5786666666666667
15535,2024-02-01 20:00:00+00:00,2.1153333333333335
15536,2024-02-01 21:00:00+00:00,3.0081666666666664
15537,2024-02-01 22:00:00+00:00,4.037166666666667
15538,2024-02-01 23:00:00+00:00,3.8595
15539,2024-02-02 00:00:00+00:00,3.3486666666666665
15540,2024-02-02 01:00:00+00:00,3.3113333333333332
15541,2024-02-02 02:00:00+00:00,2.5415
15542,2024-02-02 03:00:00+00:00,1.6423333333333332
15543,2024-02-02 04:00:00+00:00,1.3851666666666667
15544,2024-02-02 05:00:00+00:00,1.844666666666667
15545,2024-02-02 06:00:00+00:00,2.1648333333333336
15546,2024-02-02 07:00:00+00:00,2.7863333333333333
15547,2024-02-02 08:00:00+00:00,3.4979999999999998
15548,2024-02-02 09:00:00+00:00,3.8746
15549,2024-02-02 10:00:00+00:00,2.8280000000000003
15550,2024-02-02 11:00:00+00:00,1.7468333333333332
15551,2024-02-02 12:00:00+00:00,2.5585
15552,2024-02-02 13:00:00+00:00,3.5835000000000004
15553,2024-02-02 14:00:00+00:00,4.991833333333333
15554,2024-02-02 15:00:00+00:00,6.103000000000001
15555,2024-02-02 16:00:00+00:00,6.688166666666667
15556,2024-02-02 17:00:00+00:00,6.9685
15557,2024-02-02 18:00:00+00:00,7.657333333333334
15558,2024-02-02 19:00:00+00:00,8.3175
15559,2024-02-02 20:00:00+00:00,8.653333333333334
15560,2024-02-02 21:00:00+00:00,8.456666666666667
15561,2024-02-02 22:00:00+00:00,8.017666666666665
15562,2024-02-02 23:00:00+00:00,7.8371666666666675
15563,2024-02-03 00:00:00+00:00,6.930666666666667
15564,2024-02-03 01:00:00+00:00,7.1178333333333335
15565,2024-02-03 02:00:00+00:00,4.435333333333333
15566,2024-02-03 03:00:00+00:00,4.696666666666666
15567,2024-02-03 04:00:00+00:00,5.264666666666667
15568,2024-02-03 05:00:00+00:00,3.9286666666666665
15569,2024-02-03 06:00:00+00:00,2.478833333333333
15570,2024-02-03 07:00:00+00:00,2.9996666666666667
15571,2024-02-03 08:00:00+00:00,2.4211666666666667
15572,2024-02-03 09:00:00+00:00,2.6780000000000004
15573,2024-02-03 10:00:00+00:00,2.055833333333333
15574,2024-02-03 11:00:00+00:00,2.3288333333333333
15575,2024-02-03 12:00:00+00:00,2.7291666666666665
15576,2024-02-03 13:00:00+00:00,4.067666666666667
15577,2024-02-03 14:00:00+00:00,4.584499999999999
15578,2024-02-03 15:00:00+00:00,2.6323333333333334
15579,2024-02-03 16:00:00+00:00,3.4023333333333334
15580,2024-02-03 17:00:00+00:00,3.3779999999999997
15581,2024-02-03 18:00:00+00:00,1.9395
15582,2024-02-03 19:00:00+00:00,2.8198333333333334
15583,2024-02-03 20:00:00+00:00,3.0263333333333335
15584,2024-02-03 21:00:00+00:00,2.5143333333333335
15585,2024-02-03 22:00:00+00:00,2.784333333333333
15586,2024-02-03 23:00:00+00:00,2.2943333333333333
15587,2024-02-04 00:00:00+00:00,1.2058333333333333
15588,2024-02-04 01:00:00+00:00,1.095
15589,2024-02-04 02:00:00+00:00,1.0541666666666665
15590,2024-02-04 03:00:00+00:00,1.2156666666666667
15591,2024-02-04 04:00:00+00:00,2.1971666666666665
15592,2024-02-04 05:00:00+00:00,1.857
15593,2024-02-04 06:00:00+00:00,1.3043333333333333
15594,2024-02-04 07:00:00+00:00,0.9326666666666666
15595,2024-02-04 08:00:00+00:00,0.1688333333333333
15596,2024-02-04 09:00:00+00:00,0.1615
15597,2024-02-04 10:00:00+00:00,0.13433333333333333
15598,2024-02-04 11:00:00+00:00,0.6598333333333334
15599,2024-02-04 12:00:00+00:00,1.261
15600,2024-02-04 13:00:00+00:00,1.7623333333333333
15601,2024-02-04 14:00:00+00:00,0.6325
15602,2024-02-04 15:00:00+00:00,0.37133333333333335
15603,2024-02-04 16:00:00+00:00,0.7573333333333334
15604,2024-02-04 17:00:00+00:00,0.6131666666666667
15605,2024-02-04 18:00:00+00:00,0.2796666666666667
15606,2024-02-04 19:00:00+00:00,0.06483333333333334
15607,2024-02-04 20:00:00+00:00,0.25233333333333335
15608,2024-02-04 21:00:00+00:00,-0.4951666666666667
15609,2024-02-04 22:00:00+00:00,-0.4663333333333333
15610,2024-02-04 23:00:00+00:00,-0.296
15611,2024-02-05 00:00:00+00:00,-1.3601666666666665
15612,2024-02-05 01:00:00+00:00,-1.2305
15613,2024-02-05 02:00:00+00:00,-0.8528333333333333
15614,2024-02-05 03:00:00+00:00,-1.5288333333333333
15615,2024-02-05 04:00:00+00:00,-1.3465
15616,2024-02-05 05:00:00+00:00,-0.9821666666666666
15617,2024-02-05 06:00:00+00:00,-1.0978333333333332
15618,2024-02-05 07:00:00+00:00,-0.6985
15619,2024-02-05 08:00:00+00:00,0.4891666666666667
15620,2024-02-05 09:00:00+00:00,-0.6796666666666668
15621,2024-02-05 10:00:00+00:00,-0.08633333333333337
15622,2024-02-05 11:00:00+00:00,1.18
15623,2024-02-05 12:00:00+00:00,1.554
15624,2024-02-05 13:00:00+00:00,0.2808333333333333
15625,2024-02-05 14:00:00+00:00,-0.19966666666666666
15626,2024-02-05 15:00:00+00:00,0.6081666666666666
15627,2024-02-05 16:00:00+00:00,0.20166666666666666
15628,2024-02-05 17:00:00+00:00,-0.2175
15629,2024-02-05 18:00:00+00:00,-0.7406666666666667
15630,2024-02-05 19:00:00+00:00,-0.9114999999999999
15631,2024-02-05 20:00:00+00:00,-1.4855
15632,2024-02-05 21:00:00+00:00,-1.6215
15633,2024-02-05 22:00:00+00:00,-1.6106666666666667
15634,2024-02-05 23:00:00+00:00,-1.8506666666666665
15635,2024-02-06 00:00:00+00:00,-1.8659999999999999
15636,2024-02-06 01:00:00+00:00,-2.0236666666666667
15637,2024-02-06 02:00:00+00:00,-2.5483333333333333
15638,2024-02-06 03:00:00+00:00,-3.2863333333333333
15639,2024-02-06 04:00:00+00:00,-3.265166666666667
15640,2024-02-06 05:00:00+00:00,-3.4116666666666666
15641,2024-02-06 06:00:00+00:00,-3.5165
15642,2024-02-06 07:00:00+00:00,-4.457
15643,2024-02-06 08:00:00+00:00,-4.9665
15644,2024-02-06 09:00:00+00:00,-4.288333333333333
15645,2024-02-06 10:00:00+00:00,-3.138666666666667
15646,2024-02-06 11:00:00+00:00,-2.1438333333333333
15647,2024-02-06 12:00:00+00:00,-1.9086666666666667
15648,2024-02-06 13:00:00+00:00,-1.9879999999999998
15649,2024-02-06 14:00:00+00:00,-1.7506666666666666
15650,2024-02-06 15:00:00+00:00,-1.6086666666666665
15651,2024-02-06 16:00:00+00:00,-1.6443333333333332
15652,2024-02-06 17:00:00+00:00,-2.2173333333333334
15653,2024-02-06 18:00:00+00:00,-2.907166666666667
15654,2024-02-06 19:00:00+00:00,-3.1
15655,2024-02-06 20:00:00+00:00,-3.3068333333333335
15656,2024-02-06 21:00:00+00:00,-3.3855
15657,2024-02-06 22:00:00+00:00,-3.284333333333333
15658,2024-02-06 23:00:00+00:00,-3.4395000000000002
15659,2024-02-07 00:00:00+00:00,-3.3826666666666667
15660,2024-02-07 01:00:00+00:00,-4.0505
15661,2024-02-07 02:00:00+00:00,-5.824666666666666
15662,2024-02-07 03:00:00+00:00,-7.544333333333333
15663,2024-02-07 04:00:00+00:00,-8.147333333333334
15664,2024-02-07 05:00:00+00:00,-8.308333333333332
15665,2024-02-07 06:00:00+00:00,-8.288333333333334
15666,2024-02-07 07:00:00+00:00,-8.421666666666667
15667,2024-02-07 08:00:00+00:00,-8.450000000000001
15668,2024-02-07 09:00:00+00:00,-6.970166666666667
15669,2024-02-07 10:00:00+00:00,-6.552833333333333
15670,2024-02-07 11:00:00+00:00,-5.957333333333334
15671,2024-02-07 12:00:00+00:00,-5.1165
15672,2024-02-07 13:00:00+00:00,-4.613666666666667
15673,2024-02-07 14:00:00+00:00,-4.721
15674,2024-02-07 15:00:00+00:00,-4.6565
15675,2024-02-07 16:00:00+00:00,-4.774666666666667
15676,2024-02-07 17:00:00+00:00,-4.792333333333334
15677,2024-02-07 18:00:00+00:00,-5.166666666666667
15678,2024-02-07 19:00:00+00:00,-5.436166666666668
15679,2024-02-07 20:00:00+00:00,-5.303166666666667
15680,2024-02-07 21:00:00+00:00,-5.584333333333333
15681,2024-02-07 22:00:00+00:00,-6.3101666666666665
15682,2024-02-07 23:00:00+00:00,-6.1585
15683,2024-02-08 00:00:00+00:00,-6.2635000000000005
15684,2024-02-08 01:00:00+00:00,-5.802833333333333
15685,2024-02-08 02:00:00+00:00,-5.315833333333333
15686,2024-02-08 03:00:00+00:00,-4.819333333333334
15687,2024-02-08 04:00:00+00:00,-5.059
15688,2024-02-08 05:00:00+00:00,-5.047166666666667
15689,2024-02-08 06:00:00+00:00,-5.1531666666666665
15690,2024-02-08 07:00:00+00:00,-5.1915000000000004
15691,2024-02-08 08:00:00+00:00,-4.7805
15692,2024-02-08 09:00:00+00:00,-4.441833333333333
15693,2024-02-08 10:00:00+00:00,-4.185833333333334
15694,2024-02-08 11:00:00+00:00,-3.6655
15695,2024-02-08 12:00:00+00:00,-3.424666666666667
15696,2024-02-08 13:00:00+00:00,-2.6938333333333335
15697,2024-02-08 14:00:00+00:00,-3.0535
15698,2024-02-08 15:00:00+00:00,-3.0858333333333334
15699,2024-02-08 16:00:00+00:00,-3.2936666666666667
15700,2024-02-08 17:00:00+00:00,-3.6891666666666665
15701,2024-02-08 18:00:00+00:00,-2.7409999999999997
15702,2024-02-08 19:00:00+00:00,-3.9743333333333335
15703,2024-02-08 20:00:00+00:00,-4.598
15704,2024-02-08 21:00:00+00:00,-4.453166666666667
15705,2024-02-08 22:00:00+00:00,-4.1305000000000005
15706,2024-02-08 23:00:00+00:00,-3.993
15707,2024-02-09 00:00:00+00:00,-2.800666666666667
15708,2024-02-09 01:00:00+00:00,-2.9143333333333334
15709,2024-02-09 02:00:00+00:00,-3.4611666666666667
15710,2024-02-09 03:00:00+00:00,-3.4956666666666667
15711,2024-02-09 04:00:00+00:00,-3.4591666666666665
15712,2024-02-09 05:00:00+00:00,-3.9623333333333335
15713,2024-02-09 06:00:00+00:00,-3.1748333333333334
15714,2024-02-09 07:00:00+00:00,-3.0796666666666668
15715,2024-02-09 08:00:00+00:00,-3.9468333333333336
15716,2024-02-09 09:00:00+00:00,-3.910666666666667
15717,2024-02-09 10:00:00+00:00,-3.519666666666667
15718,2024-02-09 11:00:00+00:00,-3.3445
15719,2024-02-09 12:00:00+00:00,-3.32375
15720,2024-02-09 13:00:00+00:00,-3.7
15721,2024-02-09 14:00:00+00:00,-4.5
15722,2024-02-09 15:00:00+00:00,-5.0
15723,2024-02-09 16:00:00+00:00,-5.13
15724,2024-02-09 17:00:00+00:00,-5.272666666666667
15725,2024-02-09 18:00:00+00:00,-5.564
15726,2024-02-09 19:00:00+00:00,-5.875
15727,2024-02-09 20:00:00+00:00,-6.178333333333334
15728,2024-02-09 21:00:00+00:00,-6.5575
15729,2024-02-09 22:00:00+00:00,-6.358333333333333
15730,2024-02-09 23:00:00+00:00,-5.984333333333333
15731,2024-02-10 00:00:00+00:00,-6.6095
15732,2024-02-10 01:00:00+00:00,-6.823
15733,2024-02-10 02:00:00+00:00,-6.9875
15734,2024-02-10 03:00:00+00:00,-6.5376666666666665
15735,2024-02-10 04:00:00+00:00,-6.641666666666667
15736,2024-02-10 05:00:00+00:00,-6.2855
15737,2024-02-10 06:00:00+00:00,-5.741166666666667
15738,2024-02-10 07:00:00+00:00,-5.452833333333333
15739,2024-02-10 08:00:00+00:00,-5.392499999999999
15740,2024-02-10 09:00:00+00:00,-5.123
15741,2024-02-10 10:00:00+00:00,-4.4430000000000005
15742,2024-02-10 11:00:00+00:00,-4.641333333333333
15743,2024-02-10 12:00:00+00:00,-5.0040000000000004
15744,2024-02-10 13:00:00+00:00,-5.295166666666667
15745,2024-02-10 14:00:00+00:00,-5.724333333333334
15746,2024-02-10 15:00:00+00:00,-6.199666666666666
15747,2024-02-10 16:00:00+00:00,-6.4545
15748,2024-02-10 17:00:00+00:00,-6.437666666666666
15749,2024-02-10 18:00:00+00:00,-6.362833333333334
15750,2024-02-10 19:00:00+00:00,-6.2815
15751,2024-02-10 20:00:00+00:00,-6.197166666666667
15752,2024-02-10 21:00:00+00:00,-6.151
15753,2024-02-10 22:00:00+00:00,-5.951333333333333
15754,2024-02-10 23:00:00+00:00,-5.729166666666667
15755,2024-02-11 00:00:00+00:00,-5.243833333333334
15756,2024-02-11 01:00:00+00:00,-4.794666666666667
15757,2024-02-11 02:00:00+00:00,-4.277666666666667
15758,2024-02-11 03:00:00+00:00,-4.011
15759,2024-02-11 04:00:00+00:00,-3.8691666666666666
15760,2024-02-11 05:00:00+00:00,-3.8048333333333333
15761,2024-02-11 06:00:00+00:00,-3.725
15762,2024-02-11 07:00:00+00:00,-3.4604999999999997
15763,2024-02-11 08:00:00+00:00,-3.186666666666667
15764,2024-02-11 09:00:00+00:00,-2.579
15765,2024-02-11 10:00:00+00:00,-1.8191666666666666
15766,2024-02-11 11:00:00+00:00,-1.0519999999999998
15767,2024-02-11 12:00:00+00:00,-0.5523333333333333
15768,2024-02-11 13:00:00+00:00,-0.35366666666666663
15769,2024-02-11 14:00:00+00:00,-0.35366666666666663
15770,2024-02-11 15:00:00+00:00,-0.48183333333333334
15771,2024-02-11 16:00:00+00:00,-0.6976666666666667
15772,2024-02-11 17:00:00+00:00,-0.7668333333333334
15773,2024-02-11 18:00:00+00:00,-0.8653333333333334
15774,2024-02-11 19:00:00+00:00,-0.8216666666666667
15775,2024-02-11 20:00:00+00:00,-0.5655
15776,2024-02-11 21:00:00+00:00,-0.2976666666666667
15777,2024-02-11 22:00:00+00:00,-0.04933333333333333
15778,2024-02-11 23:00:00+00:00,0.12183333333333334
15779,2024-02-12 00:00:00+00:00,0.05383333333333334
15780,2024-02-12 01:00:00+00:00,-0.11816666666666666
15781,2024-02-12 02:00:00+00:00,0.1955
15782,2024-02-12 03:00:00+00:00,0.48900000000000005
15783,2024-02-12 04:00:00+00:00,0.7043333333333334
15784,2024-02-12 05:00:00+00:00,-0.017000000000000005
15785,2024-02-12 06:00:00+00:00,-0.23666666666666666
15786,2024-02-12 07:00:00+00:00,-0.283
15787,2024-02-12 08:00:00+00:00,-0.31716666666666665
15788,2024-02-12 09:00:00+00:00,-0.21883333333333332
15789,2024-02-12 10:00:00+00:00,-0.25433333333333336
15790,2024-02-12 11:00:00+00:00,-0.21216666666666664
15791,2024-02-12 12:00:00+00:00,-0.09783333333333333
15792,2024-02-12 13:00:00+00:00,0.27266666666666667
15793,2024-02-12 14:00:00+00:00,0.08766666666666667
15794,2024-02-12 15:00:00+00:00,0.3546666666666667
15795,2024-02-12 16:00:00+00:00,0.5966666666666667
15796,2024-02-12 17:00:00+00:00,0.4701666666666667
15797,2024-02-12 18:00:00+00:00,0.20733333333333334
15798,2024-02-12 19:00:00+00:00,0.13349999999999998
15799,2024-02-12 20:00:00+00:00,0.4991666666666667
15800,2024-02-12 21:00:00+00:00,0.6886666666666666
15801,2024-02-12 22:00:00+00:00,0.7533333333333333
15802,2024-02-12 23:00:00+00:00,0.18533333333333335
15803,2024-02-13 00:00:00+00:00,-0.4905
15804,2024-02-13 01:00:00+00:00,-1.0391666666666666
15805,2024-02-13 02:00:00+00:00,-1.4236666666666666
15806,2024-02-13 03:00:00+00:00,-1.4468333333333332
15807,2024-02-13 04:00:00+00:00,-1.3381666666666667
15808,2024-02-13 05:00:00+00:00,-1.2001666666666666
15809,2024-02-13 06:00:00+00:00,-1.223
15810,2024-02-13 07:00:00+00:00,-1.3785
15811,2024-02-13 08:00:00+00:00,-1.745
15812,2024-02-13 09:00:00+00:00,-2.141166666666667
15813,2024-02-13 10:00:00+00:00,-2.0946666666666665
15814,2024-02-13 11:00:00+00:00,-1.461
15815,2024-02-13 12:00:00+00:00,-0.778
15816,2024-02-13 13:00:00+00:00,-0.4123333333333334
15817,2024-02-13 14:00:00+00:00,-0.24533333333333332
15818,2024-02-13 15:00:00+00:00,-0.3545
15819,2024-02-13 16:00:00+00:00,-0.807
15820,2024-02-13 17:00:00+00:00,-0.8210000000000001
15821,2024-02-13 18:00:00+00:00,-0.783
15822,2024-02-13 19:00:00+00:00,-0.9086666666666666
15823,2024-02-13 20:00:00+00:00,-0.965
15824,2024-02-13 21:00:00+00:00,-1.0103333333333333
15825,2024-02-13 22:00:00+00:00,-1.0265
15826,2024-02-13 23:00:00+00:00,-1.3288333333333333
15827,2024-02-14 00:00:00+00:00,-2.0691666666666664
15828,2024-02-14 01:00:00+00:00,-2.8441666666666667
15829,2024-02-14 02:00:00+00:00,-3.267666666666667
15830,2024-02-14 03:00:00+00:00,-2.3535
15831,2024-02-14 04:00:00+00:00,-1.5751666666666668
15832,2024-02-14 05:00:00+00:00,-1.0735
15833,2024-02-14 06:00:00+00:00,-0.9994999999999999
15834,2024-02-14 07:00:00+00:00,-1.023
15835,2024-02-14 08:00:00+00:00,-2.2728333333333333
15836,2024-02-14 09:00:00+00:00,-1.2938333333333334
15837,2024-02-14 10:00:00+00:00,-0.35283333333333333
15838,2024-02-14 11:00:00+00:00,0.075
15839,2024-02-14 12:00:00+00:00,0.42333333333333334
15840,2024-02-14 13:00:00+00:00,0.8075
15841,2024-02-14 14:00:00+00:00,0.6898333333333334
15842,2024-02-14 15:00:00+00:00,2.8912057932946783e-19
15843,2024-02-14 16:00:00+00:00,-0.03333333333333333
15844,2024-02-14 17:00:00+00:00,0.5455
15845,2024-02-14 18:00:00+00:00,1.0488333333333333
15846,2024-02-14 19:00:00+00:00,1.2681666666666667
15847,2024-02-14 20:00:00+00:00,1.1266666666666667
15848,2024-02-14 21:00:00+00:00,0.7454999999999999
15849,2024-02-14 22:00:00+00:00,1.0311666666666668
15850,2024-02-14 23:00:00+00:00,1.2313333333333334
15851,2024-02-15 00:00:00+00:00,0.8903333333333333
15852,2024-02-15 01:00:00+00:00,1.0825
15853,2024-02-15 02:00:00+00:00,0.4831666666666667
15854,2024-02-15 03:00:00+00:00,0.9746666666666667
15855,2024-02-15 04:00:00+00:00,1.5611666666666668
15856,2024-02-15 05:00:00+00:00,1.8239999999999998
15857,2024-02-15 06:00:00+00:00,1.8361666666666665
15858,2024-02-15 07:00:00+00:00,2.2038333333333333
15859,2024-02-15 08:00:00+00:00,2.186666666666667
15860,2024-02-15 09:00:00+00:00,2.953333333333333
15861,2024-02-15 10:00:00+00:00,3.449833333333333
15862,2024-02-15 11:00:00+00:00,3.6806666666666668
15863,2024-02-15 12:00:00+00:00,3.109166666666667
15864,2024-02-15 13:00:00+00:00,2.798666666666667
15865,2024-02-15 14:00:00+00:00,2.9081666666666663
15866,2024-02-15 15:00:00+00:00,3.267333333333333
15867,2024-02-15 16:00:00+00:00,2.7415
15868,2024-02-15 17:00:00+00:00,1.8918333333333335
15869,2024-02-15 18:00:00+00:00,1.6966666666666665
15870,2024-02-15 19:00:00+00:00,0.9645
15871,2024-02-15 20:00:00+00:00,0.8123333333333335
15872,2024-02-15 21:00:00+00:00,0.4655
15873,2024-02-15 22:00:00+00:00,0.8726666666666666
15874,2024-02-15 23:00:00+00:00,1.8483333333333334
15875,2024-02-16 00:00:00+00:00,2.9458333333333333
15876,2024-02-16 01:00:00+00:00,3.5098333333333334
15877,2024-02-16 02:00:00+00:00,3.075333333333333
15878,2024-02-16 03:00:00+00:00,3.5986666666666665
15879,2024-02-16 04:00:00+00:00,3.6056666666666666
15880,2024-02-16 05:00:00+00:00,3.3761666666666668
15881,2024-02-16 06:00:00+00:00,2.466666666666667
15882,2024-02-16 07:00:00+00:00,1.6601666666666668
15883,2024-02-16 08:00:00+00:00,1.6660000000000001
15884,2024-02-16 09:00:00+00:00,1.7326666666666668
15885,2024-02-16 10:00:00+00:00,2.0885000000000002
15886,2024-02-16 11:00:00+00:00,2.244
15887,2024-02-16 12:00:00+00:00,2.4
15888,2024-02-16 13:00:00+00:00,2.6045
15889,2024-02-16 14:00:00+00:00,2.9589999999999996
15890,2024-02-16 15:00:00+00:00,3.2015
15891,2024-02-16 16:00:00+00:00,3.2776666666666667
15892,2024-02-16 17:00:00+00:00,3.2055000000000002
15893,2024-02-16 18:00:00+00:00,3.16
15894,2024-02-16 19:00:00+00:00,3.2688333333333333
15895,2024-02-16 20:00:00+00:00,3.2608333333333337
15896,2024-02-16 21:00:00+00:00,3.2688333333333333
15897,2024-02-16 22:00:00+00:00,3.017
15898,2024-02-16 23:00:00+00:00,3.2846666666666664
15899,2024-02-17 00:00:00+00:00,3.0211666666666663
15900,2024-02-17 01:00:00+00:00,2.8798333333333335
15901,2024-02-17 02:00:00+00:00,2.7245000000000004
15902,2024-02-17 03:00:00+00:00,1.9826666666666668
15903,2024-02-17 04:00:00+00:00,1.9723333333333333
15904,2024-02-17 05:00:00+00:00,1.6981666666666666
15905,2024-02-17 06:00:00+00:00,1.6676666666666666
15906,2024-02-17 07:00:00+00:00,1.529
15907,2024-02-17 08:00:00+00:00,0.9946666666666667
15908,2024-02-17 09:00:00+00:00,0.6155
15909,2024-02-17 10:00:00+00:00,0.3631666666666667
15910,2024-02-17 11:00:00+00:00,0.312
15911,2024-02-17 12:00:00+00:00,0.876
15912,2024-02-17 13:00:00+00:00,0.9821666666666666
15913,2024-02-17 14:00:00+00:00,1.4068333333333334
15914,2024-02-17 15:00:00+00:00,1.0941666666666665
15915,2024-02-17 16:00:00+00:00,1.4183333333333332
15916,2024-02-17 17:00:00+00:00,1.8951666666666664
15917,2024-02-17 18:00:00+00:00,1.5393333333333334
15918,2024-02-17 19:00:00+00:00,0.9081666666666667
15919,2024-02-17 20:00:00+00:00,1.0526666666666666
15920,2024-02-17 21:00:00+00:00,1.9240000000000002
15921,2024-02-17 22:00:00+00:00,1.088
15922,2024-02-17 23:00:00+00:00,0.5588333333333334
15923,2024-02-18 00:00:00+00:00,0.24283333333333335
15924,2024-02-18 01:00:00+00:00,-0.6448333333333333
15925,2024-02-18 02:00:00+00:00,-1.2041666666666666
15926,2024-02-18 03:00:00+00:00,-1.7236666666666667
15927,2024-02-18 04:00:00+00:00,-2.2403333333333335
15928,2024-02-18 05:00:00+00:00,-2.1078333333333332
15929,2024-02-18 06:00:00+00:00,-3.6658333333333335
15930,2024-02-18 07:00:00+00:00,-4.1215
15931,2024-02-18 08:00:00+00:00,-4.472166666666666
15932,2024-02-18 09:00:00+00:00,-3.4086666666666665
15933,2024-02-18 10:00:00+00:00,-2.0298333333333334
15934,2024-02-18 11:00:00+00:00,-0.706
15935,2024-02-18 12:00:00+00:00,-0.14083333333333334
15936,2024-02-18 13:00:00+00:00,0.2743333333333334
15937,2024-02-18 14:00:00+00:00,0.4531666666666667
15938,2024-02-18 15:00:00+00:00,0.8058333333333333
15939,2024-02-18 16:00:00+00:00,0.5261666666666667
15940,2024-02-18 17:00:00+00:00,0.14716666666666667
15941,2024-02-18 18:00:00+00:00,-1.6841666666666668
15942,2024-02-18 19:00:00+00:00,-2.8706666666666667
15943,2024-02-18 20:00:00+00:00,-3.1473333333333335
15944,2024-02-18 21:00:00+00:00,-3.4126666666666665
15945,2024-02-18 22:00:00+00:00,-3.5755
15946,2024-02-18 23:00:00+00:00,-3.156
15947,2024-02-19 00:00:00+00:00,-3.0208333333333335
15948,2024-02-19 01:00:00+00:00,-3.9951666666666665
15949,2024-02-19 02:00:00+00:00,-3.4411666666666663
15950,2024-02-19 03:00:00+00:00,-4.6245
15951,2024-02-19 04:00:00+00:00,-4.896166666666667
15952,2024-02-19 05:00:00+00:00,-4.9816666666666665
15953,2024-02-19 06:00:00+00:00,-4.737833333333334
15954,2024-02-19 07:00:00+00:00,-4.4655
15955,2024-02-19 08:00:00+00:00,-4.423333333333333
15956,2024-02-19 09:00:00+00:00,-3.5686666666666667
15957,2024-02-19 10:00:00+00:00,-2.939
15958,2024-02-19 11:00:00+00:00,-2.5
15959,2024-02-19 12:00:00+00:00,-2.2756666666666665
15960,2024-02-19 13:00:00+00:00,-2.0665
15961,2024-02-19 14:00:00+00:00,-1.779
15962,2024-02-19 15:00:00+00:00,-1.5326666666666666
15963,2024-02-19 16:00:00+00:00,-1.2848333333333335
15964,2024-02-19 17:00:00+00:00,-1.2776666666666667
15965,2024-02-19 18:00:00+00:00,-1.4971666666666668
15966,2024-02-19 19:00:00+00:00,-1.6038333333333332
15967,2024-02-19 20:00:00+00:00,-1.4793333333333332
15968,2024-02-19 21:00:00+00:00,-1.4081666666666666
15969,2024-02-19 22:00:00+00:00,-1.341
15970,2024-02-19 23:00:00+00:00,-1.6296666666666668
15971,2024-02-20 00:00:00+00:00,-1.3145
15972,2024-02-20 01:00:00+00:00,-1.4204999999999999
15973,2024-02-20 02:00:00+00:00,-1.6219999999999999
15974,2024-02-20 03:00:00+00:00,-1.3071666666666666
15975,2024-02-20 04:00:00+00:00,-0.9746666666666667
15976,2024-02-20 05:00:00+00:00,-0.6688333333333333
15977,2024-02-20 06:00:00+00:00,-0.5956666666666667
15978,2024-02-20 07:00:00+00:00,-0.4658333333333333
15979,2024-02-20 08:00:00+00:00,-0.24533333333333332
15980,2024-02-20 09:00:00+00:00,0.057999999999999996
15981,2024-02-20 10:00:00+00:00,0.30433333333333334
15982,2024-02-20 11:00:00+00:00,0.41083333333333333
15983,2024-02-20 12:00:00+00:00,0.8261666666666666
15984,2024-02-20 13:00:00+00:00,1.2205000000000001
15985,2024-02-20 14:00:00+00:00,1.3386666666666667
15986,2024-02-20 15:00:00+00:00,1.414
15987,2024-02-20 16:00:00+00:00,1.588
15988,2024-02-20 17:00:00+00:00,2.6205
15989,2024-02-20 18:00:00+00:00,3.0085
15990,2024-02-20 19:00:00+00:00,3.483
15991,2024-02-20 20:00:00+00:00,2.7111666666666667
15992,2024-02-20 21:00:00+00:00,2.9401666666666664
15993,2024-02-20 22:00:00+00:00,3.0641666666666665
15994,2024-02-20 23:00:00+00:00,2.8413333333333335
15995,2024-02-21 00:00:00+00:00,3.0829999999999997
15996,2024-02-21 01:00:00+00:00,2.7903333333333333
15997,2024-02-21 02:00:00+00:00,2.4263333333333335
15998,2024-02-21 03:00:00+00:00,3.014
15999,2024-02-21 04:00:00+00:00,2.3836666666666666
16000,2024-02-21 05:00:00+00:00,1.8418333333333334
16001,2024-02-21 06:00:00+00:00,2.4078333333333335
16002,2024-02-21 07:00:00+00:00,2.583
16003,2024-02-21 08:00:00+00:00,2.7933333333333334
16004,2024-02-21 09:00:00+00:00,3.494666666666667
16005,2024-02-21 10:00:00+00:00,2.9506666666666668
16006,2024-02-21 11:00:00+00:00,3.5556666666666668
16007,2024-02-21 12:00:00+00:00,3.8136666666666663
16008,2024-02-21 13:00:00+00:00,3.1918333333333333
16009,2024-02-21 14:00:00+00:00,3.111166666666667
16010,2024-02-21 15:00:00+00:00,3.1069999999999998
16011,2024-02-21 16:00:00+00:00,2.9051666666666667
16012,2024-02-21 17:00:00+00:00,3.7840000000000003
16013,2024-02-21 18:00:00+00:00,4.058166666666667
16014,2024-02-21 19:00:00+00:00,4.556
16015,2024-02-21 20:00:00+00:00,5.183833333333333
16016,2024-02-21 21:00:00+00:00,6.2155
16017,2024-02-21 22:00:00+00:00,7.2205
16018,2024-02-21 23:00:00+00:00,6.905833333333334
16019,2024-02-22 00:00:00+00:00,6.688666666666666
16020,2024-02-22 01:00:00+00:00,6.567166666666666
16021,2024-02-22 02:00:00+00:00,6.3676666666666675
16022,2024-02-22 03:00:00+00:00,6.486833333333333
16023,2024-02-22 04:00:00+00:00,6.597
16024,2024-02-22 05:00:00+00:00,6.389833333333333
16025,2024-02-22 06:00:00+00:00,6.238499999999999
16026,2024-02-22 07:00:00+00:00,5.944500000000001
16027,2024-02-22 08:00:00+00:00,6.399
16028,2024-02-22 09:00:00+00:00,6.858999999999999
16029,2024-02-22 10:00:00+00:00,7.0665000000000004
16030,2024-02-22 11:00:00+00:00,7.283166666666666
16031,2024-02-22 12:00:00+00:00,7.34225
16032,2024-02-22 13:00:00+00:00,7.1
16033,2024-02-22 14:00:00+00:00,6.9325
16034,2024-02-22 15:00:00+00:00,7.349166666666666
16035,2024-02-22 16:00:00+00:00,6.8585
16036,2024-02-22 17:00:00+00:00,6.791833333333333
16037,2024-02-22 18:00:00+00:00,7.017833333333333
16038,2024-02-22 19:00:00+00:00,7.5168333333333335
16039,2024-02-22 20:00:00+00:00,7.908666666666666
16040,2024-02-22 21:00:00+00:00,7.776
16041,2024-02-22 22:00:00+00:00,7.6705000000000005
16042,2024-02-22 23:00:00+00:00,7.493833333333334
16043,2024-02-23 00:00:00+00:00,7.326833333333333
16044,2024-02-23 01:00:00+00:00,6.917333333333333
16045,2024-02-23 02:00:00+00:00,6.665
16046,2024-02-23 03:00:00+00:00,6.734999999999999
16047,2024-02-23 04:00:00+00:00,7.048333333333333
16048,2024-02-23 05:00:00+00:00,7.0488333333333335
16049,2024-02-23 06:00:00+00:00,7.356000000000001
16050,2024-02-23 07:00:00+00:00,7.029333333333334
16051,2024-02-23 08:00:00+00:00,6.754833333333334
16052,2024-02-23 09:00:00+00:00,6.842333333333333
16053,2024-02-23 10:00:00+00:00,6.355666666666667
16054,2024-02-23 11:00:00+00:00,6.676333333333333
16055,2024-02-23 12:00:00+00:00,7.581499999999999
16056,2024-02-23 13:00:00+00:00,7.316666666666666
16057,2024-02-23 14:00:00+00:00,7.204000000000001
16058,2024-02-23 15:00:00+00:00,6.828
16059,2024-02-23 16:00:00+00:00,6.5376666666666665
16060,2024-02-23 17:00:00+00:00,6.252166666666667
16061,2024-02-23 18:00:00+00:00,5.859500000000001
16062,2024-02-23 19:00:00+00:00,5.546666666666667
16063,2024-02-23 20:00:00+00:00,5.768999999999999
16064,2024-02-23 21:00:00+00:00,5.014166666666667
16065,2024-02-23 22:00:00+00:00,5.639666666666667
16066,2024-02-23 23:00:00+00:00,6.086666666666667
16067,2024-02-24 00:00:00+00:00,6.391333333333333
16068,2024-02-24 01:00:00+00:00,6.185666666666666
16069,2024-02-24 02:00:00+00:00,6.140999999999999
16070,2024-02-24 03:00:00+00:00,6.195
16071,2024-02-24 04:00:00+00:00,4.825666666666667
16072,2024-02-24 05:00:00+00:00,5.027
16073,2024-02-24 06:00:00+00:00,4.907333333333333
16074,2024-02-24 07:00:00+00:00,4.735833333333333
16075,2024-02-24 08:00:00+00:00,5.502666666666666
16076,2024-02-24 09:00:00+00:00,5.56
16077,2024-02-24 10:00:00+00:00,6.182
16078,2024-02-24 11:00:00+00:00,6.486666666666667
16079,2024-02-24 12:00:00+00:00,7.939166666666668
16080,2024-02-24 13:00:00+00:00,8.1
16081,2024-02-24 14:00:00+00:00,8.028833333333333
16082,2024-02-24 15:00:00+00:00,8.038166666666667
16083,2024-02-24 16:00:00+00:00,7.307666666666666
16084,2024-02-24 17:00:00+00:00,6.324166666666667
16085,2024-02-24 18:00:00+00:00,5.709499999999999
16086,2024-02-24 19:00:00+00:00,5.560333333333333
16087,2024-02-24 20:00:00+00:00,5.5795
16088,2024-02-24 21:00:00+00:00,5.049
16089,2024-02-24 22:00:00+00:00,5.207666666666667
16090,2024-02-24 23:00:00+00:00,5.037333333333334
16091,2024-02-25 00:00:00+00:00,5.235499999999999
16092,2024-02-25 01:00:00+00:00,4.958666666666667
16093,2024-02-25 02:00:00+00:00,5.249833333333333
16094,2024-02-25 03:00:00+00:00,5.053333333333334
16095,2024-02-25 04:00:00+00:00,4.732
16096,2024-02-25 05:00:00+00:00,4.588
16097,2024-02-25 06:00:00+00:00,4.504166666666666
16098,2024-02-25 07:00:00+00:00,4.450833333333333
16099,2024-02-25 08:00:00+00:00,4.814166666666667
16100,2024-02-25 09:00:00+00:00,5.564666666666667
16101,2024-02-25 10:00:00+00:00,5.963166666666666
16102,2024-02-25 11:00:00+00:00,6.537333333333334
16103,2024-02-25 12:00:00+00:00,4.675999999999999
16104,2024-02-25 13:00:00+00:00,4.769666666666667
16105,2024-02-25 14:00:00+00:00,5.513000000000001
16106,2024-02-25 15:00:00+00:00,5.4115
16107,2024-02-25 16:00:00+00:00,4.305499999999999
16108,2024-02-25 17:00:00+00:00,6.763000000000001
16109,2024-02-25 18:00:00+00:00,4.322333333333333
16110,2024-02-25 19:00:00+00:00,3.6483333333333334
16111,2024-02-25 20:00:00+00:00,3.5621666666666667
16112,2024-02-25 21:00:00+00:00,3.3828333333333336
16113,2024-02-25 22:00:00+00:00,3.4163333333333328
16114,2024-02-25 23:00:00+00:00,3.435
16115,2024-02-26 00:00:00+00:00,4.079666666666667
16116,2024-02-26 01:00:00+00:00,4.214166666666666
16117,2024-02-26 02:00:00+00:00,3.954333333333333
16118,2024-02-26 03:00:00+00:00,3.6465
16119,2024-02-26 04:00:00+00:00,3.7851666666666666
16120,2024-02-26 05:00:00+00:00,3.6361666666666665
16121,2024-02-26 06:00:00+00:00,3.6705
16122,2024-02-26 07:00:00+00:00,3.4919999999999995
16123,2024-02-26 08:00:00+00:00,3.733166666666667
16124,2024-02-26 09:00:00+00:00,3.9570000000000003
16125,2024-02-26 10:00:00+00:00,3.9166666666666665
16126,2024-02-26 11:00:00+00:00,4.075
16127,2024-02-26 12:00:00+00:00,4.289333333333333
16128,2024-02-26 13:00:00+00:00,4.277333333333334
16129,2024-02-26 14:00:00+00:00,3.4365
16130,2024-02-26 15:00:00+00:00,3.3508333333333336
16131,2024-02-26 16:00:00+00:00,2.6256666666666666
16132,2024-02-26 17:00:00+00:00,2.221
16133,2024-02-26 18:00:00+00:00,2.5
16134,2024-02-26 19:00:00+00:00,2.78
16135,2024-02-26 20:00:00+00:00,2.9930000000000003
16136,2024-02-26 21:00:00+00:00,2.0726666666666667
16137,2024-02-26 22:00:00+00:00,2.0376666666666665
16138,2024-02-26 23:00:00+00:00,1.3946666666666667
16139,2024-02-27 00:00:00+00:00,0.6221666666666666
16140,2024-02-27 01:00:00+00:00,0.311
16141,2024-02-27 02:00:00+00:00,0.41283333333333333
16142,2024-02-27 03:00:00+00:00,0.205
16143,2024-02-27 04:00:00+00:00,-0.025833333333333337
16144,2024-02-27 05:00:00+00:00,0.3405
16145,2024-02-27 06:00:00+00:00,0.5671666666666667
16146,2024-02-27 07:00:00+00:00,0.3521666666666667
16147,2024-02-27 08:00:00+00:00,0.635
16148,2024-02-27 09:00:00+00:00,1.0276666666666667
16149,2024-02-27 10:00:00+00:00,1.7333333333333334
16150,2024-02-27 11:00:00+00:00,3.2213333333333334
16151,2024-02-27 12:00:00+00:00,3.8158333333333334
16152,2024-02-27 13:00:00+00:00,4.013833333333333
16153,2024-02-27 14:00:00+00:00,4.158333333333333
16154,2024-02-27 15:00:00+00:00,3.528
16155,2024-02-27 16:00:00+00:00,3.733166666666667
16156,2024-02-27 17:00:00+00:00,4.367999999999999
16157,2024-02-27 18:00:00+00:00,4.6531666666666665
16158,2024-02-27 19:00:00+00:00,4.874833333333334
16159,2024-02-27 20:00:00+00:00,4.8678333333333335
16160,2024-02-27 21:00:00+00:00,4.607833333333333
16161,2024-02-27 22:00:00+00:00,4.4816666666666665
16162,2024-02-27 23:00:00+00:00,4.4395
16163,2024-02-28 00:00:00+00:00,4.516333333333333
16164,2024-02-28 01:00:00+00:00,4.526
16165,2024-02-28 02:00:00+00:00,4.3966666666666665
16166,2024-02-28 03:00:00+00:00,4.784666666666666
16167,2024-02-28 04:00:00+00:00,4.916333333333333
16168,2024-02-28 05:00:00+00:00,4.855
16169,2024-02-28 06:00:00+00:00,4.806500000000001
16170,2024-02-28 07:00:00+00:00,5.200166666666667
16171,2024-02-28 08:00:00+00:00,5.670000000000001
16172,2024-02-28 09:00:00+00:00,5.366
16173,2024-02-28 10:00:00+00:00,5.773
16174,2024-02-28 11:00:00+00:00,6.313
16175,2024-02-28 12:00:00+00:00,5.383333333333333
16176,2024-02-28 13:00:00+00:00,6.390000000000001
16177,2024-02-28 14:00:00+00:00,6.8265
16178,2024-02-28 15:00:00+00:00,5.174666666666666
16179,2024-02-28 16:00:00+00:00,6.3995
16180,2024-02-28 17:00:00+00:00,6.810333333333333
16181,2024-02-28 18:00:00+00:00,6.1905
16182,2024-02-28 19:00:00+00:00,6.122333333333334
16183,2024-02-28 20:00:00+00:00,6.120666666666666
16184,2024-02-28 21:00:00+00:00,5.404166666666666
16185,2024-02-28 22:00:00+00:00,4.604
16186,2024-02-28 23:00:00+00:00,5.594833333333334
16187,2024-02-29 00:00:00+00:00,6.389
16188,2024-02-29 01:00:00+00:00,7.029333333333334
16189,2024-02-29 02:00:00+00:00,6.857499999999999
16190,2024-02-29 03:00:00+00:00,6.856999999999999
16191,2024-02-29 04:00:00+00:00,6.9285
16192,2024-02-29 05:00:00+00:00,6.863333333333333
16193,2024-02-29 06:00:00+00:00,7.010666666666666
16194,2024-02-29 07:00:00+00:00,7.017333333333333
16195,2024-02-29 08:00:00+00:00,6.788666666666667
16196,2024-02-29 09:00:00+00:00,7.909
16197,2024-02-29 10:00:00+00:00,7.977666666666667
16198,2024-02-29 11:00:00+00:00,8.546666666666667
16199,2024-02-29 12:00:00+00:00,8.89
16200,2024-02-29 13:00:00+00:00,8.666666666666666
16201,2024-02-29 14:00:00+00:00,8.726666666666667
16202,2024-02-29 15:00:00+00:00,9.18
16203,2024-02-29 16:00:00+00:00,9.191666666666666
16204,2024-02-29 17:00:00+00:00,8.755
16205,2024-02-29 18:00:00+00:00,8.828333333333333
16206,2024-02-29 19:00:00+00:00,8.346666666666666
16207,2024-02-29 20:00:00+00:00,8.653333333333334
16208,2024-02-29 21:00:00+00:00,8.788333333333334
16209,2024-02-29 22:00:00+00:00,8.790000000000001
16210,2024-02-29 23:00:00+00:00,8.888333333333334
16211,2024-03-01 00:00:00+00:00,8.111333333333333
16212,2024-03-01 01:00:00+00:00,8.256666666666666
16213,2024-03-01 02:00:00+00:00,8.246666666666668
16214,2024-03-01 03:00:00+00:00,8.109
16215,2024-03-01 04:00:00+00:00,7.930499999999999
16216,2024-03-01 05:00:00+00:00,7.768166666666666
16217,2024-03-01 06:00:00+00:00,7.779333333333334
16218,2024-03-01 07:00:00+00:00,8.182166666666665
16219,2024-03-01 08:00:00+00:00,8.728333333333333
16220,2024-03-01 09:00:00+00:00,8.951666666666666
16221,2024-03-01 10:00:00+00:00,8.711666666666666
16222,2024-03-01 11:00:00+00:00,8.705
16223,2024-03-01 12:00:00+00:00,8.671666666666667
16224,2024-03-01 13:00:00+00:00,8.851666666666667
16225,2024-03-01 14:00:00+00:00,8.845
16226,2024-03-01 15:00:00+00:00,8.416666666666666
16227,2024-03-01 16:00:00+00:00,8.299999999999999
16228,2024-03-01 17:00:00+00:00,7.959
16229,2024-03-01 18:00:00+00:00,7.6401666666666666
16230,2024-03-01 19:00:00+00:00,7.635000000000001
16231,2024-03-01 20:00:00+00:00,7.521
16232,2024-03-01 21:00:00+00:00,7.128
16233,2024-03-01 22:00:00+00:00,7.330333333333333
16234,2024-03-01 23:00:00+00:00,7.412166666666667
16235,2024-03-02 00:00:00+00:00,7.220166666666667
16236,2024-03-02 01:00:00+00:00,7.243666666666666
16237,2024-03-02 02:00:00+00:00,6.914166666666667
16238,2024-03-02 03:00:00+00:00,6.9495000000000005
16239,2024-03-02 04:00:00+00:00,6.458666666666667
16240,2024-03-02 05:00:00+00:00,6.938833333333334
16241,2024-03-02 06:00:00+00:00,6.864833333333333
16242,2024-03-02 07:00:00+00:00,6.408666666666666
16243,2024-03-02 08:00:00+00:00,6.3705
16244,2024-03-02 09:00:00+00:00,7.4105
16245,2024-03-02 10:00:00+00:00,8.343166666666667
16246,2024-03-02 11:00:00+00:00,8.811666666666667
16247,2024-03-02 12:00:00+00:00,9.231666666666667
16248,2024-03-02 13:00:00+00:00,9.136666666666667
16249,2024-03-02 14:00:00+00:00,8.808333333333334
16250,2024-03-02 15:00:00+00:00,8.305
16251,2024-03-02 16:00:00+00:00,8.211666666666666
16252,2024-03-02 17:00:00+00:00,8.101333333333335
16253,2024-03-02 18:00:00+00:00,7.634666666666667
16254,2024-03-02 19:00:00+00:00,7.1610000000000005
16255,2024-03-02 20:00:00+00:00,6.534
16256,2024-03-02 21:00:00+00:00,6.964666666666666
16257,2024-03-02 22:00:00+00:00,6.762833333333333
16258,2024-03-02 23:00:00+00:00,6.575833333333333
16259,2024-03-03 00:00:00+00:00,6.530833333333334
16260,2024-03-03 01:00:00+00:00,5.9013333333333335
16261,2024-03-03 02:00:00+00:00,5.979166666666667
16262,2024-03-03 03:00:00+00:00,4.593
16263,2024-03-03 04:00:00+00:00,4.6825
16264,2024-03-03 05:00:00+00:00,4.048666666666667
16265,2024-03-03 06:00:00+00:00,2.7113333333333336
16266,2024-03-03 07:00:00+00:00,2.8798333333333335
16267,2024-03-03 08:00:00+00:00,4.332166666666667
16268,2024-03-03 09:00:00+00:00,4.922166666666667
16269,2024-03-03 10:00:00+00:00,5.073
16270,2024-03-03 11:00:00+00:00,5.334166666666667
16271,2024-03-03 12:00:00+00:00,6.145666666666666
16272,2024-03-03 13:00:00+00:00,8.198833333333333
16273,2024-03-03 14:00:00+00:00,8.915000000000001
16274,2024-03-03 15:00:00+00:00,8.9125
16275,2024-03-03 16:00:00+00:00,8.5
16276,2024-03-03 17:00:00+00:00,8.308
16277,2024-03-03 18:00:00+00:00,8.311666666666667
16278,2024-03-03 19:00:00+00:00,7.659666666666666
16279,2024-03-03 20:00:00+00:00,5.615666666666667
16280,2024-03-03 21:00:00+00:00,5.820666666666667
16281,2024-03-03 22:00:00+00:00,6.052333333333333
16282,2024-03-03 23:00:00+00:00,6.800166666666667
16283,2024-03-04 00:00:00+00:00,6.802833333333333
16284,2024-03-04 01:00:00+00:00,6.227166666666666
16285,2024-03-04 02:00:00+00:00,6.439166666666666
16286,2024-03-04 03:00:00+00:00,7.267499999999999
16287,2024-03-04 04:00:00+00:00,6.642833333333333
16288,2024-03-04 05:00:00+00:00,7.285833333333334
16289,2024-03-04 06:00:00+00:00,6.4635
16290,2024-03-04 07:00:00+00:00,5.687833333333334
16291,2024-03-04 08:00:00+00:00,5.877833333333334
16292,2024-03-04 09:00:00+00:00,6.284166666666667
16293,2024-03-04 10:00:00+00:00,7.5595
16294,2024-03-04 11:00:00+00:00,8.861666666666666
16295,2024-03-04 12:00:00+00:00,8.816666666666668
16296,2024-03-04 13:00:00+00:00,8.276666666666667
16297,2024-03-04 14:00:00+00:00,7.969666666666666
16298,2024-03-04 15:00:00+00:00,7.929833333333334
16299,2024-03-04 16:00:00+00:00,8.331666666666665
16300,2024-03-04 17:00:00+00:00,7.802166666666667
16301,2024-03-04 18:00:00+00:00,7.201666666666667
16302,2024-03-04 19:00:00+00:00,7.021
16303,2024-03-04 20:00:00+00:00,6.945833333333333
16304,2024-03-04 21:00:00+00:00,6.949333333333333
16305,2024-03-04 22:00:00+00:00,6.650833333333334
16306,2024-03-04 23:00:00+00:00,6.502333333333333
16307,2024-03-05 00:00:00+00:00,5.977333333333333
16308,2024-03-05 01:00:00+00:00,5.9623333333333335
16309,2024-03-05 02:00:00+00:00,6.240666666666667
16310,2024-03-05 03:00:00+00:00,5.9905
16311,2024-03-05 04:00:00+00:00,5.761333333333333
16312,2024-03-05 05:00:00+00:00,5.9511666666666665
16313,2024-03-05 06:00:00+00:00,5.8215
16314,2024-03-05 07:00:00+00:00,5.985166666666667
16315,2024-03-05 08:00:00+00:00,6.398333333333333
16316,2024-03-05 09:00:00+00:00,6.746
16317,2024-03-05 10:00:00+00:00,7.5
16318,2024-03-05 11:00:00+00:00,8.0056
16319,2024-03-05 12:00:00+00:00,8.405
16320,2024-03-05 13:00:00+00:00,8.463333333333333
16321,2024-03-05 14:00:00+00:00,8.395000000000001
16322,2024-03-05 15:00:00+00:00,7.653333333333333
16323,2024-03-05 16:00:00+00:00,6.617
16324,2024-03-05 17:00:00+00:00,5.769833333333334
16325,2024-03-05 18:00:00+00:00,5.143666666666666
16326,2024-03-05 19:00:00+00:00,4.523666666666666
16327,2024-03-05 20:00:00+00:00,3.3945000000000003
16328,2024-03-05 21:00:00+00:00,2.859
16329,2024-03-05 22:00:00+00:00,2.2728333333333333
16330,2024-03-05 23:00:00+00:00,1.4315
16331,2024-03-06 00:00:00+00:00,1.4186666666666667
16332,2024-03-06 01:00:00+00:00,2.1861666666666664
16333,2024-03-06 02:00:00+00:00,1.0325
16334,2024-03-06 03:00:00+00:00,1.1831666666666667
16335,2024-03-06 04:00:00+00:00,1.3958333333333333
16336,2024-03-06 05:00:00+00:00,1.319
16337,2024-03-06 06:00:00+00:00,1.3796666666666668
16338,2024-03-06 07:00:00+00:00,1.2351666666666665
16339,2024-03-06 08:00:00+00:00,1.5518333333333334
16340,2024-03-06 09:00:00+00:00,1.9243333333333332
16341,2024-03-06 10:00:00+00:00,2.2148333333333334
16342,2024-03-06 11:00:00+00:00,2.797333333333333
16343,2024-03-06 12:00:00+00:00,3.389
16344,2024-03-06 13:00:00+00:00,3.8156666666666665
16345,2024-03-06 14:00:00+00:00,5.187
16346,2024-03-06 15:00:00+00:00,5.017333333333333
16347,2024-03-06 16:00:00+00:00,4.4425
16348,2024-03-06 17:00:00+00:00,3.7968333333333333
16349,2024-03-06 18:00:00+00:00,2.152833333333333
16350,2024-03-06 19:00:00+00:00,1.8721666666666668
16351,2024-03-06 20:00:00+00:00,1.5808333333333333
16352,2024-03-06 21:00:00+00:00,2.8585
16353,2024-03-06 22:00:00+00:00,1.6513333333333333
16354,2024-03-06 23:00:00+00:00,1.6078333333333334
16355,2024-03-07 00:00:00+00:00,1.4066666666666665
16356,2024-03-07 01:00:00+00:00,1.7423333333333335
16357,2024-03-07 02:00:00+00:00,1.6066666666666667
16358,2024-03-07 03:00:00+00:00,0.8325
16359,2024-03-07 04:00:00+00:00,0.8643333333333333
16360,2024-03-07 05:00:00+00:00,0.8533333333333334
16361,2024-03-07 06:00:00+00:00,1.6764999999999999
16362,2024-03-07 07:00:00+00:00,1.6158333333333335
16363,2024-03-07 08:00:00+00:00,1.8920000000000001
16364,2024-03-07 09:00:00+00:00,2.5315
16365,2024-03-07 10:00:00+00:00,2.7786666666666666
16366,2024-03-07 11:00:00+00:00,3.091833333333333
16367,2024-03-07 12:00:00+00:00,2.792