id,time,water
14784,2024-01-01 00:00:00,40.21045
14785,2024-01-01 01:00:00,40.04317799017353
14786,2024-01-01 02:00:00,39.85879466835354
14787,2024-01-01 03:00:00,39.66181828487567
14788,2024-01-01 04:00:00,39.4567670900756
14789,2024-01-01 05:00:00,39.24815933428899
14790,2024-01-01 06:00:00,39.04051326785149
14791,2024-01-01 07:00:00,38.838347141098794
14792,2024-01-01 08:00:00,38.64617920436654
14793,2024-01-01 09:00:00,38.468527707990404
14794,2024-01-01 10:00:00,38.309910902306044
14795,2024-01-01 11:00:00,38.174847037649116
14796,2024-01-01 12:00:00,38.06785436435531
14797,2024-01-01 13:00:00,37.993451132760256
14798,2024-01-01 14:00:00,37.95615559319965
14799,2024-01-01 15:00:00,37.96048599600913
14800,2024-01-01 16:00:00,38.01096059152437
14801,2024-01-01 17:00:00,38.112097630081045
14802,2024-01-01 18:00:00,38.26841536201479
14803,2024-01-01 19:00:00,38.4844320376613
14804,2024-01-01 20:00:00,38.764665907356225
14805,2024-01-01 21:00:00,39.11363522143522
14806,2024-01-01 22:00:00,39.53585823023396
14807,2024-01-01 23:00:00,40.03585318408811
14808,2024-01-02 00:00:00,40.61813833333333
14809,2024-01-02 01:00:00,41.28494116802205
14810,2024-01-02 02:00:00,42.02932613707385
14811,2024-01-02 03:00:00,42.84206692912503
14812,2024-01-02 04:00:00,43.713937232811936
14813,2024-01-02 05:00:00,44.6357107367709
14814,2024-01-02 06:00:00,45.59816112963825
14815,2024-01-02 07:00:00,46.592062100050306
14816,2024-01-02 08:00:00,47.608187336643404
14817,2024-01-02 09:00:00,48.637310528053874
14818,2024-01-02 10:00:00,49.670205362918054
14819,2024-01-02 11:00:00,50.697645529872254
14820,2024-01-02 12:00:00,51.71040471755282
14821,2024-01-02 13:00:00,52.69925661459609
14822,2024-01-02 14:00:00,53.65497490963837
14823,2024-01-02 15:00:00,54.56833329131601
14824,2024-01-02 16:00:00,55.43010544826532
14825,2024-01-02 17:00:00,56.23106506912266
14826,2024-01-02 18:00:00,56.96198584252432
14827,2024-01-02 19:00:00,57.61364145710667
14828,2024-01-02 20:00:00,58.176805601506004
14829,2024-01-02 21:00:00,58.64225196435869
14830,2024-01-02 22:00:00,59.00075423430103
14831,2024-01-02 23:00:00,59.24308609996936
14832,2024-01-03 00:00:00,59.36002125
14833,2024-01-03 01:00:00,59.346398999130244
14834,2024-01-03 02:00:00,59.21332116650113
14835,2024-01-03 03:00:00,58.97595519735466
14836,2024-01-03 04:00:00,58.649468536932794
14837,2024-01-03 05:00:00,58.249028630477554
14838,2024-01-03 06:00:00,57.78980292323093
14839,2024-01-03 07:00:00,57.28695886043489
14840,2024-01-03 08:00:00,56.755663887331444
14841,2024-01-03 09:00:00,56.21108544916258
14842,2024-01-03 10:00:00,55.66839099117029
14843,2024-01-03 11:00:00,55.142747958596566
14844,2024-01-03 12:00:00,54.64932379668338
14845,2024-01-03 13:00:00,54.203285950672765
14846,2024-01-03 14:00:00,53.81980186580667
14847,2024-01-03 15:00:00,53.514038987327105
14848,2024-01-03 16:00:00,53.301164760476055
14849,2024-01-03 17:00:00,53.196346630495526
14850,2024-01-03 18:00:00,53.21475204262749
14851,2024-01-03 19:00:00,53.37154844211395
14852,2024-01-03 20:00:00,53.681903274196884
14853,2024-01-03 21:00:00,54.16098398411831
14854,2024-01-03 22:00:00,54.82395801712019
14855,2024-01-03 23:00:00,55.68599281844453
14856,2024-01-04 00:00:00,56.76225583333333
14857,2024-01-04 01:00:00,58.0616537834761
14858,2024-01-04 02:00:00,59.56805049635256
14859,2024-01-04 03:00:00,61.25904907588995
14860,2024-01-04 04:00:00,63.112252626015504
14861,2024-01-04 05:00:00,65.10526425065649
14862,2024-01-04 06:00:00,67.21568705374013
14863,2024-01-04 07:00:00,69.42112413919368
14864,2024-01-04 08:00:00,71.69917861094439
14865,2024-01-04 09:00:00,74.0274535729195
14866,2024-01-04 10:00:00,76.38355212904624
14867,2024-01-04 11:00:00,78.74507738325185
14868,2024-01-04 12:00:00,81.0896324394636
14869,2024-01-04 13:00:00,83.39482040160875
14870,2024-01-04 14:00:00,85.6382443736145
14871,2024-01-04 15:00:00,87.79750745940814
14872,2024-01-04 16:00:00,89.85021276291687
14873,2024-01-04 17:00:00,91.77396338806795
14874,2024-01-04 18:00:00,93.54636243878865
14875,2024-01-04 19:00:00,95.14501301900616
14876,2024-01-04 20:00:00,96.54751823264777
14877,2024-01-04 21:00:00,97.73148118364071
14878,2024-01-04 22:00:00,98.67450497591224
14879,2024-01-04 23:00:00,99.3541927133896
14880,2024-01-05 00:00:00,99.7481475
14881,2024-01-05 01:00:00,99.84070466871711
14882,2024-01-05 02:00:00,99.64312846870011
14883,2024-01-05 03:00:00,99.17341537815454
14884,2024-01-05 04:00:00,98.44956187528602
14885,2024-01-05 05:00:00,97.48956443830008
14886,2024-01-05 06:00:00,96.31141954540229
14887,2024-01-05 07:00:00,94.93312367479822
14888,2024-01-05 08:00:00,93.37267330469346
14889,2024-01-05 09:00:00,91.64806491329358
14890,2024-01-05 10:00:00,89.77729497880411
14891,2024-01-05 11:00:00,87.77835997943068
14892,2024-01-05 12:00:00,85.66925639337882
14893,2024-01-05 13:00:00,83.46798069885408
14894,2024-01-05 14:00:00,81.19252937406208
14895,2024-01-05 15:00:00,78.86089889720836
14896,2024-01-05 16:00:00,76.49108574649848
14897,2024-01-05 17:00:00,74.10108640013803
14898,2024-01-05 18:00:00,71.7088973363326
14899,2024-01-05 19:00:00,69.3325150332877
14900,2024-01-05 20:00:00,66.98993596920894
14901,2024-01-05 21:00:00,64.6991566223019
14902,2024-01-05 22:00:00,62.47817347077213
14903,2024-01-05 23:00:00,60.344982992825194
14904,2024-01-06 00:00:00,58.31758166666666
14905,2024-01-06 01:00:00,56.41028261441537
14906,2024-01-06 02:00:00,54.62266553384315
14907,2024-01-06 03:00:00,52.950626766635075
14908,2024-01-06 04:00:00,51.390062654476225
14909,2024-01-06 05:00:00,49.9368695390517
14910,2024-01-06 06:00:00,48.586943762046566
14911,2024-01-06 07:00:00,47.33618166514592
14912,2024-01-06 08:00:00,46.180479590034835
14913,2024-01-06 09:00:00,45.11573387839841
14914,2024-01-06 10:00:00,44.1378408719217
14915,2024-01-06 11:00:00,43.24269691228982
14916,2024-01-06 12:00:00,42.42619834118784
14917,2024-01-06 13:00:00,41.68424150030084
14918,2024-01-06 14:00:00,41.012722731313914
14919,2024-01-06 15:00:00,40.40753837591213
14920,2024-01-06 16:00:00,39.86458477578058
14921,2024-01-06 17:00:00,39.379758272604356
14922,2024-01-06 18:00:00,38.94895520806853
14923,2024-01-06 19:00:00,38.568071923858184
14924,2024-01-06 20:00:00,38.23300476165841
14925,2024-01-06 21:00:00,37.93965006315428
14926,2024-01-06 22:00:00,37.6839041700309
14927,2024-01-06 23:00:00,37.46166342397333
14928,2024-01-07 00:00:00,37.26882416666667
14929,2024-01-07 01:00:00,37.10175159897222
14930,2024-01-07 02:00:00,36.95868635845622
14931,2024-01-07 03:00:00,36.838337941861134
14932,2024-01-07 04:00:00,36.73941584592943
14933,2024-01-07 05:00:00,36.66062956740357
14934,2024-01-07 06:00:00,36.600688603026015
14935,2024-01-07 07:00:00,36.558302449539234
14936,2024-01-07 08:00:00,36.53218060368569
14937,2024-01-07 09:00:00,36.52103256220784
14938,2024-01-07 10:00:00,36.523567821848154
14939,2024-01-07 11:00:00,36.538495879349114
14940,2024-01-07 12:00:00,36.56452623145315
14941,2024-01-07 13:00:00,36.60036837490276
14942,2024-01-07 14:00:00,36.644731806440376
14943,2024-01-07 15:00:00,36.69632602280849
14944,2024-01-07 16:00:00,36.75386052074954
14945,2024-01-07 17:00:00,36.81604479700603
14946,2024-01-07 18:00:00,36.88158834832038
14947,2024-01-07 19:00:00,36.94920067143508
14948,2024-01-07 20:00:00,37.01759126309259
14949,2024-01-07 21:00:00,37.085469620035376
14950,2024-01-07 22:00:00,37.15154523900589
14951,2024-01-07 23:00:00,37.21452761674661
14952,2024-01-08 00:00:00,37.27312625
14953,2024-01-08 01:00:00,37.32634446321403
14954,2024-01-08 02:00:00,37.374360891658746
14955,2024-01-08 03:00:00,37.417647998309704
14956,2024-01-08 04:00:00,37.45667824614247
14957,2024-01-08 05:00:00,37.491924098132586
14958,2024-01-08 06:00:00,37.52385801725562
14959,2024-01-08 07:00:00,37.552952466487135
14960,2024-01-08 08:00:00,37.57967990880267
14961,2024-01-08 09:00:00,37.604512807177784
14962,2024-01-08 10:00:00,37.627923624588036
14963,2024-01-08 11:00:00,37.650384824008995
14964,2024-01-08 12:00:00,37.67236886841621
14965,2024-01-08 13:00:00,37.69434822078523
14966,2024-01-08 14:00:00,37.71679534409162
14967,2024-01-08 15:00:00,37.74018270131094
14968,2024-01-08 16:00:00,37.76498275541874
14969,2024-01-08 17:00:00,37.79166796939059
14970,2024-01-08 18:00:00,37.820710806202015
14971,2024-01-08 19:00:00,37.852583728828606
14972,2024-01-08 20:00:00,37.8877592002459
14973,2024-01-08 21:00:00,37.92670968342947
14974,2024-01-08 22:00:00,37.96990764135486
14975,2024-01-08 23:00:00,38.01782553699763
14976,2024-01-09 00:00:00,38.07093583333333
14977,2024-01-09 01:00:00,38.12971873040907
14978,2024-01-09 02:00:00,38.194685376558084
14979,2024-01-09 03:00:00,38.26635465718517
14980,2024-01-09 04:00:00,38.34524545769511
14981,2024-01-09 05:00:00,38.4318766634927
14982,2024-01-09 06:00:00,38.52676715998272
14983,2024-01-09 07:00:00,38.63043583256996
14984,2024-01-09 08:00:00,38.7434015666592
14985,2024-01-09 09:00:00,38.86618324765524
14986,2024-01-09 10:00:00,38.99929976096286
14987,2024-01-09 11:00:00,39.14326999198685
14988,2024-01-09 12:00:00,39.29861282613199
14989,2024-01-09 13:00:00,39.46584714880309
14990,2024-01-09 14:00:00,39.64549184540491
14991,2024-01-09 15:00:00,39.838065801342246
14992,2024-01-09 16:00:00,40.0440879020199
14993,2024-01-09 17:00:00,40.26407703284265
14994,2024-01-09 18:00:00,40.49855207921527
14995,2024-01-09 19:00:00,40.748031926542566
14996,2024-01-09 20:00:00,41.013035460229325
14997,2024-01-09 21:00:00,41.294081565680315
14998,2024-01-09 22:00:00,41.59168912830036
14999,2024-01-09 23:00:00,41.90637703349421
15000,2024-01-10 00:00:00,42.238664166666666
15001,2024-01-10 01:00:00,42.588605430868725
15002,2024-01-10 02:00:00,42.954399799736215
15003,2024-01-10 03:00:00,43.33378226455115
15004,2024-01-10 04:00:00,43.72448781659558
15005,2024-01-10 05:00:00,44.12425144715151
15006,2024-01-10 06:00:00,44.53080814750098
15007,2024-01-10 07:00:00,44.94189290892602
15008,2024-01-10 08:00:00,45.355240722708665
15009,2024-01-10 09:00:00,45.76858658013093
15010,2024-01-10 10:00:00,46.17966547247486
15011,2024-01-10 11:00:00,46.586212391022464
15012,2024-01-10 12:00:00,46.98596232705579
15013,2024-01-10 13:00:00,47.37665027185687
15014,2024-01-10 14:00:00,47.756011216707705
15015,2024-01-10 15:00:00,48.121780152890345
15016,2024-01-10 16:00:00,48.471692071686824
15017,2024-01-10 17:00:00,48.80348196437915
15018,2024-01-10 18:00:00,49.11488482224937
15019,2024-01-10 19:00:00,49.403635636579516
15020,2024-01-10 20:00:00,49.667469398651605
15021,2024-01-10 21:00:00,49.90412109974766
15022,2024-01-10 22:00:00,50.11132573114973
15023,2024-01-10 23:00:00,50.28681828413984
15024,2024-01-11 00:00:00,50.42833375
15025,2024-01-11 01:00:00,50.53437832905993
15026,2024-01-11 02:00:00,50.606543057840035
15027,2024-01-11 03:00:00,50.64719018190839
15028,2024-01-11 04:00:00,50.658681946833084
15029,2024-01-11 05:00:00,50.64338059818217
15030,2024-01-11 06:00:00,50.60364838152377
15031,2024-01-11 07:00:00,50.541847542425934
15032,2024-01-11 08:00:00,50.46034032645675
15033,2024-01-11 09:00:00,50.36148897918431
15034,2024-01-11 10:00:00,50.24765574617667
15035,2024-01-11 11:00:00,50.121202873001934
15036,2024-01-11 12:00:00,49.98449260522816
15037,2024-01-11 13:00:00,49.83988718842345
15038,2024-01-11 14:00:00,49.68974886815586
15039,2024-01-11 15:00:00,49.53643988999349
15040,2024-01-11 16:00:00,49.38232249950442
15041,2024-01-11 17:00:00,49.229758942256716
15042,2024-01-11 18:00:00,49.081111463818466
15043,2024-01-11 19:00:00,48.93874230975776
15044,2024-01-11 20:00:00,48.80501372564266
15045,2024-01-11 21:00:00,48.682287957041254
15046,2024-01-11 22:00:00,48.572927249521626
15047,2024-01-11 23:00:00,48.47929384865185
15048,2024-01-12 00:00:00,48.40375
15049,2024-01-12 01:00:00,48.347878877764956
15050,2024-01-12 02:00:00,48.310147370668695
15051,2024-01-12 03:00:00,48.28824329606399
15052,2024-01-12 04:00:00,48.279854471303594
15053,2024-01-12 05:00:00,48.2826687137403
15054,2024-01-12 06:00:00,48.29437384072685
15055,2024-01-12 07:00:00,48.31265766961604
15056,2024-01-12 08:00:00,48.335208017760614
15057,2024-01-12 09:00:00,48.359712702513356
15058,2024-01-12 10:00:00,48.383859541227025
15059,2024-01-12 11:00:00,48.4053363512544
15060,2024-01-12 12:00:00,48.42183094994824
15061,2024-01-12 13:00:00,48.431031154661326
15062,2024-01-12 14:00:00,48.430624782746406
15063,2024-01-12 15:00:00,48.41829965155627
15064,2024-01-12 16:00:00,48.39174357844367
15065,2024-01-12 17:00:00,48.34864438076138
15066,2024-01-12 18:00:00,48.28668987586218
15067,2024-01-12 19:00:00,48.20356788109882
15068,2024-01-12 20:00:00,48.09696621382409
15069,2024-01-12 21:00:00,47.96457269139073
15070,2024-01-12 22:00:00,47.80407513115153
15071,2024-01-12 23:00:00,47.61316135045925
15072,2024-01-13 00:00:00,47.389519166666666
15073,2024-01-13 01:00:00,47.131926159458274
15074,2024-01-13 02:00:00,46.843518957845525
15075,2024-01-13 03:00:00,46.528523953171614
15076,2024-01-13 04:00:00,46.19116753677971
15077,2024-01-13 05:00:00,45.83567610001299
15078,2024-01-13 06:00:00,45.46627603421466
15079,2024-01-13 07:00:00,45.08719373072788
15080,2024-01-13 08:00:00,44.70265558089586
15081,2024-01-13 09:00:00,44.316887976061764
15082,2024-01-13 10:00:00,43.934117307568776
15083,2024-01-13 11:00:00,43.55856996676009
15084,2024-01-13 12:00:00,43.194472344978884
15085,2024-01-13 13:00:00,42.84605083356833
15086,2024-01-13 14:00:00,42.517531823871636
15087,2024-01-13 15:00:00,42.21314170723197
15088,2024-01-13 16:00:00,41.937106874992516
15089,2024-01-13 17:00:00,41.69365371849646
15090,2024-01-13 18:00:00,41.487008629086986
15091,2024-01-13 19:00:00,41.32139799810729
15092,2024-01-13 20:00:00,41.20104821690053
15093,2024-01-13 21:00:00,41.13018567680991
15094,2024-01-13 22:00:00,41.11303676917859
15095,2024-01-13 23:00:00,41.15382788534979
15096,2024-01-14 00:00:00,41.256785416666666
15097,2024-01-14 01:00:00,41.42476568506744
15098,2024-01-14 02:00:00,41.655144734870476
15099,2024-01-14 03:00:00,41.94392854098914
15100,2024-01-14 04:00:00,42.28712307833684
15101,2024-01-14 05:00:00,42.68073432182695
15102,2024-01-14 06:00:00,43.120768246372855
15103,2024-01-14 07:00:00,43.60323082688793
15104,2024-01-14 08:00:00,44.12412803828558
15105,2024-01-14 09:00:00,44.67946585547919
15106,2024-01-14 10:00:00,45.265250253382135
15107,2024-01-14 11:00:00,45.8774872069078
15108,2024-01-14 12:00:00,46.51218269096959
15109,2024-01-14 13:00:00,47.165342680480855
15110,2024-01-14 14:00:00,47.83297315035502
15111,2024-01-14 15:00:00,48.51108007550544
15112,2024-01-14 16:00:00,49.195669430845534
15113,2024-01-14 17:00:00,49.88274719128865
15114,2024-01-14 18:00:00,50.5683193317482
15115,2024-01-14 19:00:00,51.24839182713755
15116,2024-01-14 20:00:00,51.9189706523701
15117,2024-01-14 21:00:00,52.57606178235924
15118,2024-01-14 22:00:00,53.21567119201834
15119,2024-01-14 23:00:00,53.8338048562608
15120,2024-01-15 00:00:00,54.42646875
15121,2024-01-15 01:00:00,54.99028992809553
15122,2024-01-15 02:00:00,55.52437976519186
15123,2024-01-15 03:00:00,56.028470715879614
15124,2024-01-15 04:00:00,56.50229523474947
15125,2024-01-15 05:00:00,56.945585776392086
15126,2024-01-15 06:00:00,57.35807479539812
15127,2024-01-15 07:00:00,57.73949474635821
15128,2024-01-15 08:00:00,58.08957808386304
15129,2024-01-15 09:00:00,58.40805726250325
15130,2024-01-15 10:00:00,58.69466473686951
15131,2024-01-15 11:00:00,58.94913296155247
15132,2024-01-15 12:00:00,59.171194391142784
15133,2024-01-15 13:00:00,59.36058148023112
15134,2024-01-15 14:00:00,59.51702668340814
15135,2024-01-15 15:00:00,59.64026245526448
15136,2024-01-15 16:00:00,59.730021250390806
15137,2024-01-15 17:00:00,59.78603552337779
15138,2024-01-15 18:00:00,59.80803772881607
15139,2024-01-15 19:00:00,59.795760321296314
15140,2024-01-15 20:00:00,59.748935755409185
15141,2024-01-15 21:00:00,59.66729648574532
15142,2024-01-15 22:00:00,59.550574966895404
15143,2024-01-15 23:00:00,59.398503653450085
15144,2024-01-16 00:00:00,59.210815
15145,2024-01-16 01:00:00,58.98760362861016
15146,2024-01-16 02:00:00,58.73041283124289
15147,2024-01-16 03:00:00,58.441148067334844
15148,2024-01-16 04:00:00,58.12171479632267
15149,2024-01-16 05:00:00,57.77401847764304
15150,2024-01-16 06:00:00,57.39996457073261
15151,2024-01-16 07:00:00,57.00145853502803
15152,2024-01-16 08:00:00,56.580405829965954
15153,2024-01-16 09:00:00,56.13871191498305
15154,2024-01-16 10:00:00,55.67828224951597
15155,2024-01-16 11:00:00,55.20102229300137
15156,2024-01-16 12:00:00,54.70883750487592
15157,2024-01-16 13:00:00,54.20363334457626
15158,2024-01-16 14:00:00,53.68731527153905
15159,2024-01-16 15:00:00,53.16178874520096
15160,2024-01-16 16:00:00,52.62895922499864
15161,2024-01-16 17:00:00,52.09073217036874
15162,2024-01-16 18:00:00,51.54901304074793
15163,2024-01-16 19:00:00,51.00570729557286
15164,2024-01-16 20:00:00,50.46272039428019
15165,2024-01-16 21:00:00,49.92195779630658
15166,2024-01-16 22:00:00,49.385324961088685
15167,2024-01-16 23:00:00,48.85472734806316
15168,2024-01-17 00:00:00,48.33207041666666
15169,2024-01-17 01:00:00,47.81934342138405
15170,2024-01-17 02:00:00,47.318870796892895
15171,2024-01-17 03:00:00,46.833060772919026
15172,2024-01-17 04:00:00,46.36432157918821
15173,2024-01-17 05:00:00,45.915061445426254
15174,2024-01-17 06:00:00,45.487688601358926
15175,2024-01-17 07:00:00,45.08461127671205
15176,2024-01-17 08:00:00,44.70823770121139
15177,2024-01-17 09:00:00,44.360976104582754
15178,2024-01-17 10:00:00,44.04523471655192
15179,2024-01-17 11:00:00,43.763421766844694
15180,2024-01-17 12:00:00,43.51794548518685
15181,2024-01-17 13:00:00,43.311214101304195
15182,2024-01-17 14:00:00,43.1456358449225
15183,2024-01-17 15:00:00,43.02361894576759
15184,2024-01-17 16:00:00,42.94757163356523
15185,2024-01-17 17:00:00,42.919902138041216
15186,2024-01-17 18:00:00,42.94301868892134
15187,2024-01-17 19:00:00,43.019329515931396
15188,2024-01-17 20:00:00,43.151242848797175
15189,2024-01-17 21:00:00,43.34116691724446
15190,2024-01-17 22:00:00,43.59150995099906
15191,2024-01-17 23:00:00,43.90468017978675
15192,2024-01-18 00:00:00,44.28308583333333
15193,2024-01-18 01:00:00,44.72748757924558
15194,2024-01-18 02:00:00,45.232055836654254
15195,2024-01-18 03:00:00,45.78931346257107
15196,2024-01-18 04:00:00,46.39178331400779
15197,2024-01-18 05:00:00,47.03198824797616
15198,2024-01-18 06:00:00,47.70245112148789
15199,2024-01-18 07:00:00,48.39569479155474
15200,2024-01-18 08:00:00,49.10424211518845
15201,2024-01-18 09:00:00,49.82061594940076
15202,2024-01-18 10:00:00,50.537339151203405
15203,2024-01-18 11:00:00,51.24693457760812
15204,2024-01-18 12:00:00,51.941925085626664
15205,2024-01-18 13:00:00,52.61483353227076
15206,2024-01-18 14:00:00,53.25818277455214
15207,2024-01-18 15:00:00,53.86449566948256
15208,2024-01-18 16:00:00,54.42629507407376
15209,2024-01-18 17:00:00,54.93610384533747
15210,2024-01-18 18:00:00,55.38644484028544
15211,2024-01-18 19:00:00,55.76984091592939
15212,2024-01-18 20:00:00,56.078814929281094
15213,2024-01-18 21:00:00,56.30588973735225
15214,2024-01-18 22:00:00,56.44358819715463
15215,2024-01-18 23:00:00,56.48443316569996
15216,2024-01-19 00:00:00,56.4209475
15217,2024-01-19 01:00:00,56.24822205587432
15218,2024-01-19 02:00:00,55.97161968437397
15219,2024-01-19 03:00:00,55.59907123535788
15220,2024-01-19 04:00:00,55.13850755868492
15221,2024-01-19 05:00:00,54.59785950421403
15222,2024-01-19 06:00:00,53.98505792180408
15223,2024-01-19 07:00:00,53.30803366131399
15224,2024-01-19 08:00:00,52.57471757260268
15225,2024-01-19 09:00:00,51.79304050552903
15226,2024-01-19 10:00:00,50.97093330995196
15227,2024-01-19 11:00:00,50.11632683573036
15228,2024-01-19 12:00:00,49.23715193272316
15229,2024-01-19 13:00:00,48.34133945078924
15230,2024-01-19 14:00:00,47.43682023978751
15231,2024-01-19 15:00:00,46.53152514957689
15232,2024-01-19 16:00:00,45.63338503001627
15233,2024-01-19 17:00:00,44.75033073096456
15234,2024-01-19 18:00:00,43.89029310228065
15235,2024-01-19 19:00:00,43.06120299382347
15236,2024-01-19 20:00:00,42.27099125545192
15237,2024-01-19 21:00:00,41.527588737024885
15238,2024-01-19 22:00:00,40.83892628840128
15239,2024-01-19 23:00:00,40.21293475944002
15240,2024-01-20 00:00:00,39.657545
15241,2024-01-20 01:00:00,39.178632522151034
15242,2024-01-20 02:00:00,38.77385148680662
15243,2024-01-20 03:00:00,38.43880071709116
15244,2024-01-20 04:00:00,38.16907903612905
15245,2024-01-20 05:00:00,37.960285267044675
15246,2024-01-20 06:00:00,37.80801823296245
15247,2024-01-20 07:00:00,37.70787675700679
15248,2024-01-20 08:00:00,37.655459662302064
15249,2024-01-20 09:00:00,37.64636577197269
15250,2024-01-20 10:00:00,37.67619390914307
15251,2024-01-20 11:00:00,37.74054289693761
15252,2024-01-20 12:00:00,37.835011558480694
15253,2024-01-20 13:00:00,37.95519871689673
15254,2024-01-20 14:00:00,38.09670319531013
15255,2024-01-20 15:00:00,38.25512381684528
15256,2024-01-20 16:00:00,38.426059404626585
15257,2024-01-20 17:00:00,38.60510878177844
15258,2024-01-20 18:00:00,38.78787077142526
15259,2024-01-20 19:00:00,38.96994419669143
15260,2024-01-20 20:00:00,39.14692788070136
15261,2024-01-20 21:00:00,39.31442064657945
15262,2024-01-20 22:00:00,39.468021317450095
15263,2024-01-20 23:00:00,39.603328716437694
15264,2024-01-21 00:00:00,39.715941666666666
15265,2024-01-21 01:00:00,39.8025842547487
15266,2024-01-21 02:00:00,39.864481621244806
15267,2024-01-21 03:00:00,39.90398417020326
15268,2024-01-21 04:00:00,39.92344230567236
15269,2024-01-21 05:00:00,39.9252064317004
15270,2024-01-21 06:00:00,39.91162695233569
15271,2024-01-21 07:00:00,39.88505427162652
15272,2024-01-21 08:00:00,39.84783879362117
15273,2024-01-21 09:00:00,39.80233092236796
15274,2024-01-21 10:00:00,39.750881061915166
15275,2024-01-21 11:00:00,39.695839616311105
15276,2024-01-21 12:00:00,39.63955698960406
15277,2024-01-21 13:00:00,39.584383585842325
15278,2024-01-21 14:00:00,39.5326698090742
15279,2024-01-21 15:00:00,39.48676606334798
15280,2024-01-21 16:00:00,39.44902275271197
15281,2024-01-21 17:00:00,39.42179028121445
15282,2024-01-21 18:00:00,39.40741905290373
15283,2024-01-21 19:00:00,39.408259471828096
15284,2024-01-21 20:00:00,39.42666194203585
15285,2024-01-21 21:00:00,39.464976867575295
15286,2024-01-21 22:00:00,39.52555465249471
15287,2024-01-21 23:00:00,39.6107457008424
15288,2024-01-22 00:00:00,39.72290041666667
15289,2024-01-22 01:00:00,39.86330253667169
15290,2024-01-22 02:00:00,40.02896912818521
15291,2024-01-22 03:00:00,40.21585059119086
15292,2024-01-22 04:00:00,40.41989732567226
15293,2024-01-22 05:00:00,40.63705973161306
15294,2024-01-22 06:00:00,40.86328820899687
15295,2024-01-22 07:00:00,41.094533157807334
15296,2024-01-22 08:00:00,41.326744978028074
15297,2024-01-22 09:00:00,41.55587406964272
15298,2024-01-22 10:00:00,41.77787083263491
15299,2024-01-22 11:00:00,41.98868566698826
15300,2024-01-22 12:00:00,42.18426897268642
15301,2024-01-22 13:00:00,42.360571149712996
15302,2024-01-22 14:00:00,42.51354259805165
15303,2024-01-22 15:00:00,42.639133717685986
15304,2024-01-22 16:00:00,42.73329490859963
15305,2024-01-22 17:00:00,42.79197657077624
15306,2024-01-22 18:00:00,42.81112910419942
15307,2024-01-22 19:00:00,42.78670290885282
15308,2024-01-22 20:00:00,42.71464838472005
15309,2024-01-22 21:00:00,42.590915931784764
15310,2024-01-22 22:00:00,42.41145595003057
15311,2024-01-22 23:00:00,42.1722188394411
15312,2024-01-23 00:00:00,41.869155
15313,2024-01-23 01:00:00,41.50081497880904
15314,2024-01-23 02:00:00,41.07614991144259
15315,2024-01-23 03:00:00,40.606711080593215
15316,2024-01-23 04:00:00,40.10404976895341
15317,2024-01-23 05:00:00,39.57971725921571
15318,2024-01-23 06:00:00,39.04526483407267
15319,2024-01-23 07:00:00,38.5122437762168
15320,2024-01-23 08:00:00,37.99220536834063
15321,2024-01-23 09:00:00,37.4967008931367
15322,2024-01-23 10:00:00,37.03728163329753
15323,2024-01-23 11:00:00,36.62549887151566
15324,2024-01-23 12:00:00,36.27290389048361
15325,2024-01-23 13:00:00,35.991047972893924
15326,2024-01-23 14:00:00,35.791482401439126
15327,2024-01-23 15:00:00,35.68575845881175
15328,2024-01-23 16:00:00,35.68542742770431
15329,2024-01-23 17:00:00,35.802040590809355
15330,2024-01-23 18:00:00,36.047149230819414
15331,2024-01-23 19:00:00,36.43230463042701
15332,2024-01-23 20:00:00,36.96905807232468
15333,2024-01-23 21:00:00,37.66896083920495
15334,2024-01-23 22:00:00,38.54356421376035
15335,2024-01-23 23:00:00,39.60441947868341
15336,2024-01-24 00:00:00,40.86307791666667
15337,2024-01-24 01:00:00,42.32544983704614
15338,2024-01-24 02:00:00,43.97488165573189
15339,2024-01-24 03:00:00,45.789078815277435
15340,2024-01-24 04:00:00,47.74574675823633
15341,2024-01-24 05:00:00,49.822590927162096
15342,2024-01-24 06:00:00,51.997316764608286
15343,2024-01-24 07:00:00,54.24762971312844
15344,2024-01-24 08:00:00,56.55123521527608
15345,2024-01-24 09:00:00,58.88583871360478
15346,2024-01-24 10:00:00,61.229145650668045
15347,2024-01-24 11:00:00,63.55886146901943
15348,2024-01-24 12:00:00,65.85269161121246
15349,2024-01-24 13:00:00,68.08834151980071
15350,2024-01-24 14:00:00,70.2435166373377
15351,2024-01-24 15:00:00,72.29592240637695
15352,2024-01-24 16:00:00,74.223264269472
15353,2024-01-24 17:00:00,76.00324766917643
15354,2024-01-24 18:00:00,77.61357804804376
15355,2024-01-24 19:00:00,79.0319608486275
15356,2024-01-24 20:00:00,80.23610151348123
15357,2024-01-24 21:00:00,81.20370548515848
15358,2024-01-24 22:00:00,81.91247820621277
15359,2024-01-24 23:00:00,82.34012511919764
15360,2024-01-25 00:00:00,82.46435166666667
15361,2024-01-25 01:00:00,82.27027482882235
15362,2024-01-25 02:00:00,81.77265773646317
15363,2024-01-25 03:00:00,80.99367505803664
15364,2024-01-25 04:00:00,79.9555014619902
15365,2024-01-25 05:00:00,78.68031161677133
15366,2024-01-25 06:00:00,77.19028019082754
15367,2024-01-25 07:00:00,75.50758185260628
15368,2024-01-25 08:00:00,73.65439127055507
15369,2024-01-25 09:00:00,71.65288311312132
15370,2024-01-25 10:00:00,69.52523204875256
15371,2024-01-25 11:00:00,67.29361274589623
15372,2024-01-25 12:00:00,64.98019987299986
15373,2024-01-25 13:00:00,62.6071680985109
15374,2024-01-25 14:00:00,60.19669209087681
15375,2024-01-25 15:00:00,57.77094651854509
15376,2024-01-25 16:00:00,55.35210604996321
15377,2024-01-25 17:00:00,52.962345353578655
15378,2024-01-25 18:00:00,50.623839097838925
15379,2024-01-25 19:00:00,48.358761951191454
15380,2024-01-25 20:00:00,46.18928858208372
15381,2024-01-25 21:00:00,44.137593658963254
15382,2024-01-25 22:00:00,42.22585185027748
15383,2024-01-25 23:00:00,40.47623782447393
15384,2024-01-26 00:00:00,38.91092625
15385,2024-01-26 01:00:00,37.54660888896343
15386,2024-01-26 02:00:00,36.37804587811257
15387,2024-01-26 03:00:00,35.39451444785602
15388,2024-01-26 04:00:00,34.58529182860232
15389,2024-01-26 05:00:00,33.93965525076007
15390,2024-01-26 06:00:00,33.44688194473783
15391,2024-01-26 07:00:00,33.09624914094418
15392,2024-01-26 08:00:00,32.87703406978769
15393,2024-01-26 09:00:00,32.778513961676936
15394,2024-01-26 10:00:00,32.78996604702048
15395,2024-01-26 11:00:00,32.900667556226914
15396,2024-01-26 12:00:00,33.0998957197048
15397,2024-01-26 13:00:00,33.3769277678627
15398,2024-01-26 14:00:00,33.72104093110921
15399,2024-01-26 15:00:00,34.12151243985288
15400,2024-01-26 16:00:00,34.567619524502305
15401,2024-01-26 17:00:00,35.048639415466056
15402,2024-01-26 18:00:00,35.55384934315269
15403,2024-01-26 19:00:00,36.072526537970795
15404,2024-01-26 20:00:00,36.593948230328934
15405,2024-01-26 21:00:00,37.107391650635684
15406,2024-01-26 22:00:00,37.60213402929962
15407,2024-01-26 23:00:00,38.06745259672931
15408,2024-01-27 00:00:00,38.49262458333333
15409,2024-01-27 01:00:00,38.86915954792908
15410,2024-01-27 02:00:00,39.19749636296926
15411,2024-01-27 03:00:00,39.48030622931537
15412,2024-01-27 04:00:00,39.720260347828926
15413,2024-01-27 05:00:00,39.92002991937146
15414,2024-01-27 06:00:00,40.08228614480447
15415,2024-01-27 07:00:00,40.20970022498949
15416,2024-01-27 08:00:00,40.304943360788016
15417,2024-01-27 09:00:00,40.370686753061584
15418,2024-01-27 10:00:00,40.4096016026717
15419,2024-01-27 11:00:00,40.424359110479884
15420,2024-01-27 12:00:00,40.41763047734764
15421,2024-01-27 13:00:00,40.3920869041365
15422,2024-01-27 14:00:00,40.350399591707976
15423,2024-01-27 15:00:00,40.29523974092358
15424,2024-01-27 16:00:00,40.22927855264483
15425,2024-01-27 17:00:00,40.155187227733244
15426,2024-01-27 18:00:00,40.07563696705033
15427,2024-01-27 19:00:00,39.993298971457605
15428,2024-01-27 20:00:00,39.91084444181661
15429,2024-01-27 21:00:00,39.83094457898882
15430,2024-01-27 22:00:00,39.756270583835786
15431,2024-01-27 23:00:00,39.68949365721901
15432,2024-01-28 00:00:00,39.633285
15433,2024-01-28 01:00:00,39.5897388966664
15434,2024-01-28 02:00:00,39.558641966210246
15435,2024-01-28 03:00:00,39.5392039112497
15436,2024-01-28 04:00:00,39.53063443440295
15437,2024-01-28 05:00:00,39.53214323828815
15438,2024-01-28 06:00:00,39.54294002552345
15439,2024-01-28 07:00:00,39.562234498727
15440,2024-01-28 08:00:00,39.58923636051701
15441,2024-01-28 09:00:00,39.62315531351161
15442,2024-01-28 10:00:00,39.66320106032897
15443,2024-01-28 11:00:00,39.70858330358725
15444,2024-01-28 12:00:00,39.75851174590462
15445,2024-01-28 13:00:00,39.812196089899246
15446,2024-01-28 14:00:00,39.86884603818928
15447,2024-01-28 15:00:00,39.92767129339289
15448,2024-01-28 16:00:00,39.987881558128244
15449,2024-01-28 17:00:00,40.04868653501351
15450,2024-01-28 18:00:00,40.10929592666683
15451,2024-01-28 19:00:00,40.168919435706385
15452,2024-01-28 20:00:00,40.22676676475033
15453,2024-01-28 21:00:00,40.28204761641684
15454,2024-01-28 22:00:00,40.33397169332407
15455,2024-01-28 23:00:00,40.38174869809017
15456,2024-01-29 00:00:00,40.42458833333333
15457,2024-01-29 01:00:00,40.46190555131993
15458,2024-01-29 02:00:00,40.493936302909304
15459,2024-01-29 03:00:00,40.52112178860899
15460,2024-01-29 04:00:00,40.543903208926544
15461,2024-01-29 05:00:00,40.56272176436954
15462,2024-01-29 06:00:00,40.578018655445526
15463,2024-01-29 07:00:00,40.59023508266204
15464,2024-01-29 08:00:00,40.59981224652665
15465,2024-01-29 09:00:00,40.60719134754692
15466,2024-01-29 10:00:00,40.6128135862304
15467,2024-01-29 11:00:00,40.61712016308464
15468,2024-01-29 12:00:00,40.6205522786172
15469,2024-01-29 13:00:00,40.62355113333562
15470,2024-01-29 14:00:00,40.62655792774748
15471,2024-01-29 15:00:00,40.630013862360315
15472,2024-01-29 16:00:00,40.63436013768169
15473,2024-01-29 17:00:00,40.64003795421915
15474,2024-01-29 18:00:00,40.64748851248028
15475,2024-01-29 19:00:00,40.6571530129726
15476,2024-01-29 20:00:00,40.669472656203666
15477,2024-01-29 21:00:00,40.68488864268106
15478,2024-01-29 22:00:00,40.703842172912324
15479,2024-01-29 23:00:00,40.726774447405006
15480,2024-01-30 00:00:00,40.75412666666667
15481,2024-01-30 01:00:00,40.78619245593631
15482,2024-01-30 02:00:00,40.82267513937865
15483,2024-01-30 03:00:00,40.86313046588988
15484,2024-01-30 04:00:00,40.90711418436617
15485,2024-01-30 05:00:00,40.95418204370371
15486,2024-01-30 06:00:00,41.00388979279866
15487,2024-01-30 07:00:00,41.0557931805472
15488,2024-01-30 08:00:00,41.10944795584552
15489,2024-01-30 09:00:00,41.16440986758976
15490,2024-01-30 10:00:00,41.22023466467614
15491,2024-01-30 11:00:00,41.27647809600081
15492,2024-01-30 12:00:00,41.33269591045995
15493,2024-01-30 13:00:00,41.38844385694974
15494,2024-01-30 14:00:00,41.44327768436635
15495,2024-01-30 15:00:00,41.49675314160597
15496,2024-01-30 16:00:00,41.54842597756476
15497,2024-01-30 17:00:00,41.59785194113892
15498,2024-01-30 18:00:00,41.6445867812246
15499,2024-01-30 19:00:00,41.688186246717976
15500,2024-01-30 20:00:00,41.72820608651524
15501,2024-01-30 21:00:00,41.76420204951257
15502,2024-01-30 22:00:00,41.79572988460613
15503,2024-01-30 23:00:00,41.82234534069211
15504,2024-01-31 00:00:00,41.843604166666665
15505,2024-01-31 01:00:00,41.859235337463794
15506,2024-01-31 02:00:00,41.86966073216871
15507,2024-01-31 03:00:00,41.875475455904414
15508,2024-01-31 04:00:00,41.877274613793944
15509,2024-01-31 05:00:00,41.8756533109603
15510,2024-01-31 06:00:00,41.87120665252652
15511,2024-01-31 07:00:00,41.8645297436156
15512,2024-01-31 08:00:00,41.85621768935058
15513,2024-01-31 09:00:00,41.84686559485445
15514,2024-01-31 10:00:00,41.837068565250256
15515,2024-01-31 11:00:00,41.82742170566099
15516,2024-01-31 12:00:00,41.818520121209694
15517,2024-01-31 13:00:00,41.81095891701937
15518,2024-01-31 14:00:00,41.80533319821304
15519,2024-01-31 15:00:00,41.80223806991373
15520,2024-01-31 16:00:00,41.80226863724443
15521,2024-01-31 17:00:00,41.80602000532819
15522,2024-01-31 18:00:00,41.814087279288024
15523,2024-01-31 19:00:00,41.82706556424692
15524,2024-01-31 20:00:00,41.84554996532794
15525,2024-01-31 21:00:00,41.87013558765406
15526,2024-01-31 22:00:00,41.901417536348326
15527,2024-01-31 23:00:00,41.93999091653375
15528,2024-02-01 00:00:00,41.986450833333336
15529,2024-02-01 01:00:00,42.04131032726817
15530,2024-02-01 02:00:00,42.10475418045155
15531,2024-02-01 03:00:00,42.17688511039479
15532,2024-02-01 04:00:00,42.257805834609286
15533,2024-02-01 05:00:00,42.347619070606356
15534,2024-02-01 06:00:00,42.44642753589736
15535,2024-02-01 07:00:00,42.55433394799362
15536,2024-02-01 08:00:00,42.67144102440651
15537,2024-02-01 09:00:00,42.79785148264738
15538,2024-02-01 10:00:00,42.933668040227566
15539,2024-02-01 11:00:00,43.07899341465842
15540,2024-02-01 12:00:00,43.23393032345128
15541,2024-02-01 13:00:00,43.398581484117514
15542,2024-02-01 14:00:00,43.573049614168454
15543,2024-02-01 15:00:00,43.75743743111544
15544,2024-02-01 16:00:00,43.95184765246984
15545,2024-02-01 17:00:00,44.156382995742995
15546,2024-02-01 18:00:00,44.371146178446246
15547,2024-02-01 19:00:00,44.596239918090944
15548,2024-02-01 20:00:00,44.83176693218844
15549,2024-02-01 21:00:00,45.077829938250076
15550,2024-02-01 22:00:00,45.33453165378721
15551,2024-02-01 23:00:00,45.60197479631118
15552,2024-02-02 00:00:00,45.88026208333333
15553,2024-02-02 01:00:00,46.16906846112653
15554,2024-02-02 02:00:00,46.4663577910097
15555,2024-02-02 03:00:00,46.76966616306328
15556,2024-02-02 04:00:00,47.07652966736768
15557,2024-02-02 05:00:00,47.384484394003366
15558,2024-02-02 06:00:00,47.69106643305075
15559,2024-02-02 07:00:00,47.99381187459027
15560,2024-02-02 08:00:00,48.29025680870237
15561,2024-02-02 09:00:00,48.57793732546748
15562,2024-02-02 10:00:00,48.854389514966016
15563,2024-02-02 11:00:00,49.11714946727843
15564,2024-02-02 12:00:00,49.363753272485155
15565,2024-02-02 13:00:00,49.59173702066663
15566,2024-02-02 14:00:00,49.79863680190327
15567,2024-02-02 15:00:00,49.981988706275544
15568,2024-02-02 16:00:00,50.13932882386384
15569,2024-02-02 17:00:00,50.26819324474863
15570,2024-02-02 18:00:00,50.36611805901032
15571,2024-02-02 19:00:00,50.43063935672937
15572,2024-02-02 20:00:00,50.45929322798619
15573,2024-02-02 21:00:00,50.44961576286124
15574,2024-02-02 22:00:00,50.39914305143493
15575,2024-02-02 23:00:00,50.305411183787704
15576,2024-02-03 00:00:00,50.16595625
15577,2024-02-03 01:00:00,49.97937001415234
15578,2024-02-03 02:00:00,49.748466936325606
15579,2024-02-03 03:00:00,49.47711715060078
15580,2024-02-03 04:00:00,49.169190791058845
15581,2024-02-03 05:00:00,48.828557991780784
15582,2024-02-03 06:00:00,48.45908888684755
15583,2024-02-03 07:00:00,48.064653610340144
15584,2024-02-03 08:00:00,47.64912229633954
15585,2024-02-03 09:00:00,47.21636507892673
15586,2024-02-03 10:00:00,46.77025209218266
15587,2024-02-03 11:00:00,46.31465347018834
15588,2024-02-03 12:00:00,45.853439347024725
15589,2024-02-03 13:00:00,45.39047985677281
15590,2024-02-03 14:00:00,44.92964513351356
15591,2024-02-03 15:00:00,44.47480531132797
15592,2024-02-03 16:00:00,44.029830524297005
15593,2024-02-03 17:00:00,43.598590906501634
15594,2024-02-03 18:00:00,43.18495659202287
15595,2024-02-03 19:00:00,42.79279771494166
15596,2024-02-03 20:00:00,42.425984409338994
15597,2024-02-03 21:00:00,42.088386809295855
15598,2024-02-03 22:00:00,41.78387504889321
15599,2024-02-03 23:00:00,41.516319262212036
15600,2024-02-04 00:00:00,41.28958958333333
15601,2024-02-04 01:00:00,41.106318945974564
15602,2024-02-04 02:00:00,40.96419148239929
15603,2024-02-04 03:00:00,40.85965412450755
15604,2024-02-04 04:00:00,40.789153804199394
15605,2024-02-04 05:00:00,40.74913745337488
15606,2024-02-04 06:00:00,40.73605200393405
15607,2024-02-04 07:00:00,40.74634438777695
15608,2024-02-04 08:00:00,40.77646153680363
15609,2024-02-04 09:00:00,40.82285038291416
15610,2024-02-04 10:00:00,40.881957858008576
15611,2024-02-04 11:00:00,40.95023089398693
15612,2024-02-04 12:00:00,41.024116422749266
15613,2024-02-04 13:00:00,41.10006137619565
15614,2024-02-04 14:00:00,41.17451268622611
15615,2024-02-04 15:00:00,41.24391728474072
15616,2024-02-04 16:00:00,41.304722103639506
15617,2024-02-04 17:00:00,41.35337407482254
15618,2024-02-04 18:00:00,41.38632013018986
15619,2024-02-04 19:00:00,41.400007201641515
15620,2024-02-04 20:00:00,41.390882221077575
15621,2024-02-04 21:00:00,41.35539212039806
15622,2024-02-04 22:00:00,41.28998383150304
15623,2024-02-04 23:00:00,41.19110428629255
15624,2024-02-05 00:00:00,41.055200416666665
15625,2024-02-05 01:00:00,40.88076623157177
15626,2024-02-05 02:00:00,40.67448404813972
15627,2024-02-05 03:00:00,40.44508326054869
15628,2024-02-05 04:00:00,40.2012932629769
15629,2024-02-05 05:00:00,39.95184344960253
15630,2024-02-05 06:00:00,39.70546321460377
15631,2024-02-05 07:00:00,39.47088195215883
15632,2024-02-05 08:00:00,39.256829056445895
15633,2024-02-05 09:00:00,39.072033921643175
15634,2024-02-05 10:00:00,38.92522594192885
15635,2024-02-05 11:00:00,38.825134511481124
15636,2024-02-05 12:00:00,38.78048902447819
15637,2024-02-05 13:00:00,38.800018875098246
15638,2024-02-05 14:00:00,38.89245345751948
15639,2024-02-05 15:00:00,39.0665221659201
15640,2024-02-05 16:00:00,39.3309543944783
15641,2024-02-05 17:00:00,39.69447953737225
15642,2024-02-05 18:00:00,40.16582698878018
15643,2024-02-05 19:00:00,40.753726142880275
15644,2024-02-05 20:00:00,41.46690639385072
15645,2024-02-05 21:00:00,42.31409713586972
15646,2024-02-05 22:00:00,43.30402776311548
15647,2024-02-05 23:00:00,44.44542766976617
15648,2024-02-06 00:00:00,45.74702625
15649,2024-02-06 01:00:00,47.21366882745139
15650,2024-02-06 02:00:00,48.83466444357963
15651,2024-02-06 03:00:00,50.59543806930027
15652,2024-02-06 04:00:00,52.48141467552881
15653,2024-02-06 05:00:00,54.47801923318078
15654,2024-02-06 06:00:00,56.57067671317171
15655,2024-02-06 07:00:00,58.744812086417106
15656,2024-02-06 08:00:00,60.98585032383251
15657,2024-02-06 09:00:00,63.27921639633343
15658,2024-02-06 10:00:00,65.61033527483542
15659,2024-02-06 11:00:00,67.96463193025399
15660,2024-02-06 12:00:00,70.32753133350462
15661,2024-02-06 13:00:00,72.68445845550289
15662,2024-02-06 14:00:00,75.02083826716432
15663,2024-02-06 15:00:00,77.3220957394044
15664,2024-02-06 16:00:00,79.57365584313868
15665,2024-02-06 17:00:00,81.76094354928267
15666,2024-02-06 18:00:00,83.86938382875191
15667,2024-02-06 19:00:00,85.88440165246192
15668,2024-02-06 20:00:00,87.7914219913282
15669,2024-02-06 21:00:00,89.57586981626629
15670,2024-02-06 22:00:00,91.22317009819172
15671,2024-02-06 23:00:00,92.71874780802003
15672,2024-02-07 00:00:00,94.04802791666668
15673,2024-02-07 01:00:00,95.19974623486328
15674,2024-02-07 02:00:00,96.17588193260539
15675,2024-02-07 03:00:00,96.98172501970465
15676,2024-02-07 04:00:00,97.6225655059727
15677,2024-02-07 05:00:00,98.10369340122111
15678,2024-02-07 06:00:00,98.43039871526152
15679,2024-02-07 07:00:00,98.60797145790556
15680,2024-02-07 08:00:00,98.64170163896482
15681,2024-02-07 09:00:00,98.53687926825096
15682,2024-02-07 10:00:00,98.29879435557555
15683,2024-02-07 11:00:00,97.93273691075025
15684,2024-02-07 12:00:00,97.44399694358668
15685,2024-02-07 13:00:00,96.83786446389642
15686,2024-02-07 14:00:00,96.11962948149113
15687,2024-02-07 15:00:00,95.29458200618241
15688,2024-02-07 16:00:00,94.36801204778186
15689,2024-02-07 17:00:00,93.34520961610113
15690,2024-02-07 18:00:00,92.23146472095182
15691,2024-02-07 19:00:00,91.03206737214558
15692,2024-02-07 20:00:00,89.75230757949399
15693,2024-02-07 21:00:00,88.39747535280868
15694,2024-02-07 22:00:00,86.9728607019013
15695,2024-02-07 23:00:00,85.4837536365834
15696,2024-02-08 00:00:00,83.93544416666667
15697,2024-02-08 01:00:00,82.33342123547669
15698,2024-02-08 02:00:00,80.68396952039505
15699,2024-02-08 03:00:00,78.99357263231732
15700,2024-02-08 04:00:00,77.2687141821391
15701,2024-02-08 05:00:00,75.515877780756
15702,2024-02-08 06:00:00,73.74154703906353
15703,2024-02-08 07:00:00,71.95220556795732
15704,2024-02-08 08:00:00,70.15433697833295
15705,2024-02-08 09:00:00,68.35442488108598
15706,2024-02-08 10:00:00,66.55895288711201
15707,2024-02-08 11:00:00,64.77440460730662
15708,2024-02-08 12:00:00,63.00726365256539
15709,2024-02-08 13:00:00,61.2640136337839
15710,2024-02-08 14:00:00,59.55113816185773
15711,2024-02-08 15:00:00,57.87512084768246
15712,2024-02-08 16:00:00,56.242445302153676
15713,2024-02-08 17:00:00,54.65959513616696
15714,2024-02-08 18:00:00,53.13305396061789
15715,2024-02-08 19:00:00,51.669305386402044
15716,2024-02-08 20:00:00,50.274833024415024
15717,2024-02-08 21:00:00,48.95612048555239
15718,2024-02-08 22:00:00,47.71965138070973
15719,2024-02-08 23:00:00,46.57190932078263
15720,2024-02-09 00:00:00,45.51937791666666
15721,2024-02-09 01:00:00,44.566637749463354
15722,2024-02-09 02:00:00,43.710657281098
15723,2024-02-09 03:00:00,42.946501943701826
15724,2024-02-09 04:00:00,42.26923716940605
15725,2024-02-09 05:00:00,41.6739283903419
15726,2024-02-09 06:00:00,41.155641038640624
15727,2024-02-09 07:00:00,40.70944054643343
15728,2024-02-09 08:00:00,40.33039234585155
15729,2024-02-09 09:00:00,40.01356186902621
15730,2024-02-09 10:00:00,39.754014548088655
15731,2024-02-09 11:00:00,39.54681581517009
15732,2024-02-09 12:00:00,39.38703110240176
15733,2024-02-09 13:00:00,39.26972584191489
15734,2024-02-09 14:00:00,39.1899654658407
15735,2024-02-09 15:00:00,39.14281540631042
15736,2024-02-09 16:00:00,39.12334109545529
15737,2024-02-09 17:00:00,39.12660796540653
15738,2024-02-09 18:00:00,39.14768144829535
15739,2024-02-09 19:00:00,39.181626976253014
15740,2024-02-09 20:00:00,39.22350998141072
15741,2024-02-09 21:00:00,39.268395895899715
15742,2024-02-09 22:00:00,39.311350151851215
15743,2024-02-09 23:00:00,39.34743818139646
15744,2024-02-10 00:00:00,39.37172541666667
15745,2024-02-10 01:00:00,39.38028100355258
15746,2024-02-10 02:00:00,39.373188942983
15747,2024-02-10 03:00:00,39.35153694964621
15748,2024-02-10 04:00:00,39.31641273823051
15749,2024-02-10 05:00:00,39.26890402342422
15750,2024-02-10 06:00:00,39.21009851991565
15751,2024-02-10 07:00:00,39.14108394239307
15752,2024-02-10 08:00:00,39.06294800554481
15753,2024-02-10 09:00:00,38.976778424059155
15754,2024-02-10 10:00:00,38.88366291262442
15755,2024-02-10 11:00:00,38.7846891859289
15756,2024-02-10 12:00:00,38.680944958660895
15757,2024-02-10 13:00:00,38.57351794550871
15758,2024-02-10 14:00:00,38.46349586116065
15759,2024-02-10 15:00:00,38.35196642030502
15760,2024-02-10 16:00:00,38.240017337630114
15761,2024-02-10 17:00:00,38.12873632782424
15762,2024-02-10 18:00:00,38.0192111055757
15763,2024-02-10 19:00:00,37.91252938557279
15764,2024-02-10 20:00:00,37.809778882503814
15765,2024-02-10 21:00:00,37.71204731105708
15766,2024-02-10 22:00:00,37.62042238592088
15767,2024-02-10 23:00:00,37.53599182178353
15768,2024-02-11 00:00:00,37.45984333333333
15769,2024-02-11 01:00:00,37.39280587054337
15770,2024-02-11 02:00:00,37.33467332452597
15771,2024-02-11 03:00:00,37.28498082167822
15772,2024-02-11 04:00:00,37.24326348839721
15773,2024-02-11 05:00:00,37.209056451080066
15774,2024-02-11 06:00:00,37.181894836123895
15775,2024-02-11 07:00:00,37.16131376992577
15776,2024-02-11 08:00:00,37.14684837888281
15777,2024-02-11 09:00:00,37.13803378939211
15778,2024-02-11 10:00:00,37.134405127850805
15779,2024-02-11 11:00:00,37.135497520655946
15780,2024-02-11 12:00:00,37.14084609420467
15781,2024-02-11 13:00:00,37.14998597489407
15782,2024-02-11 14:00:00,37.16245228912125
15783,2024-02-11 15:00:00,37.1777801632833
15784,2024-02-11 16:00:00,37.19550472377734
15785,2024-02-11 17:00:00,37.21516109700047
15786,2024-02-11 18:00:00,37.236284409349786
15787,2024-02-11 19:00:00,37.25840978722239
15788,2024-02-11 20:00:00,37.281072357015375
15789,2024-02-11 21:00:00,37.303807245125874
15790,2024-02-11 22:00:00,37.32614957795096
15791,2024-02-11 23:00:00,37.347634481887745
15792,2024-02-12 00:00:00,37.367797083333336
15793,2024-02-12 01:00:00,37.38625897609756
15794,2024-02-12 02:00:00,37.402987623641145
15795,2024-02-12 03:00:00,37.418036956837554
15796,2024-02-12 04:00:00,37.431460906560254
15797,2024-02-12 05:00:00,37.443313403682716
15798,2024-02-12 06:00:00,37.45364837907838
15799,2024-02-12 07:00:00,37.462519763620726
15800,2024-02-12 08:00:00,37.46998148818321
15801,2024-02-12 09:00:00,37.4760874836393
15802,2024-02-12 10:00:00,37.480891680862435
15803,2024-02-12 11:00:00,37.48444801072611
15804,2024-02-12 12:00:00,37.48681040410377
15805,2024-02-12 13:00:00,37.48803279186887
15806,2024-02-12 14:00:00,37.48816910489488
15807,2024-02-12 15:00:00,37.48727327405526
15808,2024-02-12 16:00:00,37.48539923022348
15809,2024-02-12 17:00:00,37.482600904272985
15810,2024-02-12 18:00:00,37.478932227077266
15811,2024-02-12 19:00:00,37.47444712950975
15812,2024-02-12 20:00:00,37.469199542443924
15813,2024-02-12 21:00:00,37.463243396753235
15814,2024-02-12 22:00:00,37.456632623311165
15815,2024-02-12 23:00:00,37.44942115299116
15816,2024-02-13 00:00:00,37.441662916666665
15817,2024-02-13 01:00:00,37.433425528759265
15818,2024-02-13 02:00:00,37.42483133788285
15819,2024-02-13 03:00:00,37.416016376199444
15820,2024-02-13 04:00:00,37.40711667587102
15821,2024-02-13 05:00:00,37.39826826905959
15822,2024-02-13 06:00:00,37.38960718792716
15823,2024-02-13 07:00:00,37.38126946463574
15824,2024-02-13 08:00:00,37.373391131347304
15825,2024-02-13 09:00:00,37.36610822022388
15826,2024-02-13 10:00:00,37.359556763427456
15827,2024-02-13 11:00:00,37.35387279312003
15828,2024-02-13 12:00:00,37.34919234146361
15829,2024-02-13 13:00:00,37.3456514406202
15830,2024-02-13 14:00:00,37.34338612275179
15831,2024-02-13 15:00:00,37.34253242002039
15832,2024-02-13 16:00:00,37.343226364588
15833,2024-02-13 17:00:00,37.34560398861662
15834,2024-02-13 18:00:00,37.34980132426825
15835,2024-02-13 19:00:00,37.35595440370489
15836,2024-02-13 20:00:00,37.36419925908855
15837,2024-02-13 21:00:00,37.37467192258122
15838,2024-02-13 22:00:00,37.38750842634491
15839,2024-02-13 23:00:00,37.402844802541615
15840,2024-02-14 00:00:00,37.42081708333333
15841,2024-02-14 01:00:00,37.44145071966544
15842,2024-02-14 02:00:00,37.46432883761678
15843,2024-02-14 03:00:00,37.48892398204957
15844,2024-02-14 04:00:00,37.51470869782604
15845,2024-02-14 05:00:00,37.54115552980836
15846,2024-02-14 06:00:00,37.56773702285877
15847,2024-02-14 07:00:00,37.5939257218395
15848,2024-02-14 08:00:00,37.619194171612726
15849,2024-02-14 09:00:00,37.64301491704069
15850,2024-02-14 10:00:00,37.664860502985604
15851,2024-02-14 11:00:00,37.68420347430968
15852,2024-02-14 12:00:00,37.70051637587512
15853,2024-02-14 13:00:00,37.713271752544145
15854,2024-02-14 14:00:00,37.72194214917897
15855,2024-02-14 15:00:00,37.72600011064182
15856,2024-02-14 16:00:00,37.724918181794884
15857,2024-02-14 17:00:00,37.7181689075004
15858,2024-02-14 18:00:00,37.70522483262057
15859,2024-02-14 19:00:00,37.68555850201761
15860,2024-02-14 20:00:00,37.65864246055373
15861,2024-02-14 21:00:00,37.62394925309115
15862,2024-02-14 22:00:00,37.58095142449208
15863,2024-02-14 23:00:00,37.529121519618734
15864,2024-02-15 00:00:00,37.46793208333333
15865,2024-02-15 01:00:00,37.397265112182545
15866,2024-02-15 02:00:00,37.318640409450914
15867,2024-02-15 03:00:00,37.233987230107445
15868,2024-02-15 04:00:00,37.14523482912115
15869,2024-02-15 05:00:00,37.054312461461016
15870,2024-02-15 06:00:00,36.96314938209606
15871,2024-02-15 07:00:00,36.87367484599528
15872,2024-02-15 08:00:00,36.787818108127695
15873,2024-02-15 09:00:00,36.70750842346229
15874,2024-02-15 10:00:00,36.63467504696807
15875,2024-02-15 11:00:00,36.57124723361406
15876,2024-02-15 12:00:00,36.51915423836925
15877,2024-02-15 13:00:00,36.480325316202624
15878,2024-02-15 14:00:00,36.45668972208323
15879,2024-02-15 15:00:00,36.45017671098003
15880,2024-02-15 16:00:00,36.46271553786207
15881,2024-02-15 17:00:00,36.49623545769832
15882,2024-02-15 18:00:00,36.55266572545779
15883,2024-02-15 19:00:00,36.63393559610951
15884,2024-02-15 20:00:00,36.741974324622454
15885,2024-02-15 21:00:00,36.87871116596563
15886,2024-02-15 22:00:00,37.04607537510807
15887,2024-02-15 23:00:00,37.245996207018734
15888,2024-02-16 00:00:00,37.48040291666667
15889,2024-02-16 01:00:00,37.75151891036233
15890,2024-02-16 02:00:00,38.06274419978209
15891,2024-02-16 03:00:00,38.417772947943796
15892,2024-02-16 04:00:00,38.8202993178653
15893,2024-02-16 05:00:00,39.27401747256444
15894,2024-02-16 06:00:00,39.78262157505906
15895,2024-02-16 07:00:00,40.34980578836701
15896,2024-02-16 08:00:00,40.97926427550613
15897,2024-02-16 09:00:00,41.674691199494276
15898,2024-02-16 10:00:00,42.43978072334928
15899,2024-02-16 11:00:00,43.27822701008899
15900,2024-02-16 12:00:00,44.193724222731255
15901,2024-02-16 13:00:00,45.18996652429393
15902,2024-02-16 14:00:00,46.27064807779484
15903,2024-02-16 15:00:00,47.43946304625184
15904,2024-02-16 16:00:00,48.70010559268277
15905,2024-02-16 17:00:00,50.05626988010548
15906,2024-02-16 18:00:00,51.51165007153783
15907,2024-02-16 19:00:00,53.069940329997635
15908,2024-02-16 20:00:00,54.73483481850276
15909,2024-02-16 21:00:00,56.51002770007104
15910,2024-02-16 22:00:00,58.39921313772034
15911,2024-02-16 23:00:00,60.40608529446848
15912,2024-02-17 00:00:00,62.53433833333333
15913,2024-02-17 01:00:00,64.7848292749115
15914,2024-02-17 02:00:00,67.14706657011479
15915,2024-02-17 03:00:00,69.60772152743375
15916,2024-02-17 04:00:00,72.15346545535903
15917,2024-02-17 05:00:00,74.7709696623811
15918,2024-02-17 06:00:00,77.44690545699062
15919,2024-02-17 07:00:00,80.16794414767813
15920,2024-02-17 08:00:00,82.9207570429342
15921,2024-02-17 09:00:00,85.69201545124943
15922,2024-02-17 10:00:00,88.46839068111439
15923,2024-02-17 11:00:00,91.23655404101962
15924,2024-02-17 12:00:00,93.98317683945574
15925,2024-02-17 13:00:00,96.69493038491329
15926,2024-02-17 14:00:00,99.35848598588288
15927,2024-02-17 15:00:00,101.96051495085506
15928,2024-02-17 16:00:00,104.48768858832041
15929,2024-02-17 17:00:00,106.92667820676954
15930,2024-02-17 18:00:00,109.26415511469297
15931,2024-02-17 19:00:00,111.48679062058132
15932,2024-02-17 20:00:00,113.58125603292514
15933,2024-02-17 21:00:00,115.53422266021501
15934,2024-02-17 22:00:00,117.33236181094149
15935,2024-02-17 23:00:00,118.9623447935952
15936,2024-02-18 00:00:00,120.41084291666668
15937,2024-02-18 01:00:00,121.6684880373007
15938,2024-02-18 02:00:00,122.74175420725878
15939,2024-02-18 03:00:00,123.64107602695655
15940,2024-02-18 04:00:00,124.37688809680975
15941,2024-02-18 05:00:00,124.95962501723406
15942,2024-02-18 06:00:00,125.39972138864516
15943,2024-02-18 07:00:00,125.70761181145869
15944,2024-02-18 08:00:00,125.89373088609041
15945,2024-02-18 09:00:00,125.96851321295597
15946,2024-02-18 10:00:00,125.94239339247103
15947,2024-02-18 11:00:00,125.82580602505132
15948,2024-02-18 12:00:00,125.62918571111254
15949,2024-02-18 13:00:00,125.36296705107033
15950,2024-02-18 14:00:00,125.03758464534035
15951,2024-02-18 15:00:00,124.66347309433837
15952,2024-02-18 16:00:00,124.25106699848
15953,2024-02-18 17:00:00,123.81080095818099
15954,2024-02-18 18:00:00,123.353109573857
15955,2024-02-18 19:00:00,122.88842744592371
15956,2024-02-18 20:00:00,122.42718917479677
15957,2024-02-18 21:00:00,121.97982936089193
15958,2024-02-18 22:00:00,121.55678260462486
15959,2024-02-18 23:00:00,121.16848350641119
15960,2024-02-19 00:00:00,120.82536666666668
15961,2024-02-19 01:00:00,120.53568271400907
15962,2024-02-19 02:00:00,120.2989463898645
15963,2024-02-19 03:00:00,120.11248846386118
15964,2024-02-19 04:00:00,119.97363970562736
15965,2024-02-19 05:00:00,119.87973088479121
15966,2024-02-19 06:00:00,119.82809277098097
15967,2024-02-19 07:00:00,119.81605613382489
15968,2024-02-19 08:00:00,119.84095174295116
15969,2024-02-19 09:00:00,119.90011036798802
15970,2024-02-19 10:00:00,119.99086277856365
15971,2024-02-19 11:00:00,120.11053974430634
15972,2024-02-19 12:00:00,120.25647203484425
15973,2024-02-19 13:00:00,120.4259904198056
15974,2024-02-19 14:00:00,120.61642566881866
15975,2024-02-19 15:00:00,120.82510855151159
15976,2024-02-19 16:00:00,121.04936983751266
15977,2024-02-19 17:00:00,121.28654029645008
15978,2024-02-19 18:00:00,121.53395069795205
15979,2024-02-19 19:00:00,121.78893181164679
15980,2024-02-19 20:00:00,122.04881440716255
15981,2024-02-19 21:00:00,122.31092925412753
15982,2024-02-19 22:00:00,122.57260712216994
15983,2024-02-19 23:00:00,122.83117878091804
15984,2024-02-20 00:00:00,123.083975
15985,2024-02-20 01:00:00,123.3280942317535
15986,2024-02-20 02:00:00,123.5597056593539
15987,2024-02-20 03:00:00,123.774746148686
15988,2024-02-20 04:00:00,123.96915256563462
15989,2024-02-20 05:00:00,124.13886177608454
15990,2024-02-20 06:00:00,124.27981064592059
15991,2024-02-20 07:00:00,124.38793604102752
15992,2024-02-20 08:00:00,124.45917482729017
15993,2024-02-20 09:00:00,124.48946387059333
15994,2024-02-20 10:00:00,124.4747400368218
15995,2024-02-20 11:00:00,124.41094019186039
15996,2024-02-20 12:00:00,124.29400120159389
15997,2024-02-20 13:00:00,124.1198599319071
15998,2024-02-20 14:00:00,123.88445324868482
15999,2024-02-20 15:00:00,123.58371801781188
16000,2024-02-20 16:00:00,123.21359110517304
16001,2024-02-20 17:00:00,122.7700093766531
16002,2024-02-20 18:00:00,122.24890969813693
16003,2024-02-20 19:00:00,121.64622893550923
16004,2024-02-20 20:00:00,120.9579039546549
16005,2024-02-20 21:00:00,120.17987162145864
16006,2024-02-20 22:00:00,119.30806880180533
16007,2024-02-20 23:00:00,118.33843236157973
16008,2024-02-21 00:00:00,117.26689916666668
16009,2024-02-21 01:00:00,116.09087163761073
16010,2024-02-21 02:00:00,114.81361441359569
16011,2024-02-21 03:00:00,113.43985768846511
16012,2024-02-21 04:00:00,111.97433165606256
16013,2024-02-21 05:00:00,110.42176651023163
16014,2024-02-21 06:00:00,108.78689244481589
16015,2024-02-21 07:00:00,107.0744396536589
16016,2024-02-21 08:00:00,105.28913833060422
16017,2024-02-21 09:00:00,103.43571866949546
16018,2024-02-21 10:00:00,101.51891086417614
16019,2024-02-21 11:00:00,99.54344510848988
16020,2024-02-21 12:00:00,97.51405159628021
16021,2024-02-21 13:00:00,95.43546052139075
16022,2024-02-21 14:00:00,93.31240207766504
16023,2024-02-21 15:00:00,91.14960645894665
16024,2024-02-21 16:00:00,88.95180385907915
16025,2024-02-21 17:00:00,86.72372447190611
16026,2024-02-21 18:00:00,84.47009849127112
16027,2024-02-21 19:00:00,82.19565611101775
16028,2024-02-21 20:00:00,79.90512752498955
16029,2024-02-21 21:00:00,77.6032429270301
16030,2024-02-21 22:00:00,75.29473251098298
16031,2024-02-21 23:00:00,72.98432647069177
16032,2024-02-22 00:00:00,70.676755
16033,2024-02-22 01:00:00,68.37758507259721
16034,2024-02-22 02:00:00,66.09573078155661
16035,2024-02-22 03:00:00,63.84094299979737
16036,2024-02-22 04:00:00,61.622972600238626
16037,2024-02-22 05:00:00,59.451570455799526
16038,2024-02-22 06:00:00,57.33648743939925
16039,2024-02-22 07:00:00,55.28747442395693
16040,2024-02-22 08:00:00,53.31428228239174
16041,2024-02-22 09:00:00,51.426661887622814
16042,2024-02-22 10:00:00,49.63436411256932
16043,2024-02-22 11:00:00,47.9471398301504
16044,2024-02-22 12:00:00,46.37473991328522
16045,2024-02-22 13:00:00,44.92691523489293
16046,2024-02-22 14:00:00,43.61341666789269
16047,2024-02-22 15:00:00,42.443995085203646
16048,2024-02-22 16:00:00,41.42840135974496
16049,2024-02-22 17:00:00,40.57638636443578
16050,2024-02-22 18:00:00,39.89770097219525
16051,2024-02-22 19:00:00,39.40209605594255
16052,2024-02-22 20:00:00,39.09932248859681
16053,2024-02-22 21:00:00,38.9991311430772
16054,2024-02-22 22:00:00,39.11127289230288
16055,2024-02-22 23:00:00,39.44549860919297
16056,2024-02-23 00:00:00,40.011559166666665
16057,2024-02-23 01:00:00,40.813818737509685
16058,2024-02-23 02:00:00,41.835094693974156
16059,2024-02-23 03:00:00,43.05281770817876
16060,2024-02-23 04:00:00,44.44441845224221
16061,2024-02-23 05:00:00,45.98732759828321
16062,2024-02-23 06:00:00,47.658975818420444
16063,2024-02-23 07:00:00,49.43679378477262
16064,2024-02-23 08:00:00,51.298212169458445
16065,2024-02-23 09:00:00,53.22066164459662
16066,2024-02-23 10:00:00,55.18157288230584
16067,2024-02-23 11:00:00,57.15837655470479
16068,2024-02-23 12:00:00,59.1285033339122
16069,2024-02-23 13:00:00,61.06938389204674
16070,2024-02-23 14:00:00,62.95844890122714
16071,2024-02-23 15:00:00,64.77312903357208
16072,2024-02-23 16:00:00,66.49085496120026
16073,2024-02-23 17:00:00,68.08905735623041
16074,2024-02-23 18:00:00,69.54516689078118
16075,2024-02-23 19:00:00,70.83661423697131
16076,2024-02-23 20:00:00,71.94083006691947
16077,2024-02-23 21:00:00,72.8352450527444
16078,2024-02-23 22:00:00,73.49728986656478
16079,2024-02-23 23:00:00,73.90439518049931
16080,2024-02-24 00:00:00,74.03399166666667
16081,2024-02-24 01:00:00,73.8720610237628
16082,2024-02-24 02:00:00,73.43878905679252
16083,2024-02-24 03:00:00,72.76291259733784
16084,2024-02-24 04:00:00,71.8731684769808
16085,2024-02-24 05:00:00,70.79829352730341
16086,2024-02-24 06:00:00,69.56702457988771
16087,2024-02-24 07:00:00,68.20809846631575
16088,2024-02-24 08:00:00,66.75025201816952
16089,2024-02-24 09:00:00,65.22222206703107
16090,2024-02-24 10:00:00,63.65274544448243
16091,2024-02-24 11:00:00,62.07055898210561
16092,2024-02-24 12:00:00,60.50439951148266
16093,2024-02-24 13:00:00,58.98300386419559
16094,2024-02-24 14:00:00,57.53510887182644
16095,2024-02-24 15:00:00,56.189451365957254
16096,2024-02-24 16:00:00,54.974768178170024
16097,2024-02-24 17:00:00,53.9197961400468
16098,2024-02-24 18:00:00,53.0532720831696
16099,2024-02-24 19:00:00,52.403932839120465
16100,2024-02-24 20:00:00,52.000515239481416
16101,2024-02-24 21:00:00,51.87175611583448
16102,2024-02-24 22:00:00,52.04639229976169
16103,2024-02-24 23:00:00,52.553160622845084
16104,2024-02-25 00:00:00,53.420797916666665
16105,2024-02-25 01:00:00,54.66824956577411
16106,2024-02-25 02:00:00,56.27529516657759
16107,2024-02-25 03:00:00,58.211922868452945
16108,2024-02-25 04:00:00,60.448120820775955
16109,2024-02-25 05:00:00,62.953877172922454
16110,2024-02-25 06:00:00,65.69918007426824
16111,2024-02-25 07:00:00,68.65401767418916
16112,2024-02-25 08:00:00,71.78837812206099
16113,2024-02-25 09:00:00,75.07224956725956
16114,2024-02-25 10:00:00,78.47562015916067
16115,2024-02-25 11:00:00,81.96847804714017
16116,2024-02-25 12:00:00,85.52081138057385
16117,2024-02-25 13:00:00,89.10260830883749
16118,2024-02-25 14:00:00,92.68385698130697
16119,2024-02-25 15:00:00,96.23454554735805
16120,2024-02-25 16:00:00,99.72466215636656
16121,2024-02-25 17:00:00,103.12419495770834
16122,2024-02-25 18:00:00,106.4031321007592
16123,2024-02-25 19:00:00,109.53146173489489
16124,2024-02-25 20:00:00,112.4791720094913
16125,2024-02-25 21:00:00,115.21625107392418
16126,2024-02-25 22:00:00,117.7126870775694
16127,2024-02-25 23:00:00,119.93846816980275
16128,2024-02-26 00:00:00,121.8635825
16129,2024-02-26 01:00:00,123.46516517518744
16130,2024-02-26 02:00:00,124.74893913299277
16131,2024-02-26 03:00:00,125.72777426869413
16132,2024-02-26 04:00:00,126.41454047756972
16133,2024-02-26 05:00:00,126.8221076548976
16134,2024-02-26 06:00:00,126.96334569595597
16135,2024-02-26 07:00:00,126.85112449602293
16136,2024-02-26 08:00:00,126.49831395037667
16137,2024-02-26 09:00:00,125.9177839542953
16138,2024-02-26 10:00:00,125.12240440305698
16139,2024-02-26 11:00:00,124.12504519193986
16140,2024-02-26 12:00:00,122.93857621622202
16141,2024-02-26 13:00:00,121.57586737118169
16142,2024-02-26 14:00:00,120.04978855209697
16143,2024-02-26 15:00:00,118.373209654246
16144,2024-02-26 16:00:00,116.55900057290695
16145,2024-02-26 17:00:00,114.62003120335794
16146,2024-02-26 18:00:00,112.56917144087711
16147,2024-02-26 19:00:00,110.41929118074259
16148,2024-02-26 20:00:00,108.18326031823257
16149,2024-02-26 21:00:00,105.87394874862514
16150,2024-02-26 22:00:00,103.50422636719847
16151,2024-02-26 23:00:00,101.0869630692307
16152,2024-02-27 00:00:00,98.63502875
16153,2024-02-27 01:00:00,96.16008099309109
16154,2024-02-27 02:00:00,93.66892813531516
16155,2024-02-27 03:00:00,91.16716620179002
16156,2024-02-27 04:00:00,88.66039121763352
16157,2024-02-27 05:00:00,86.1541992079634
16158,2024-02-27 06:00:00,83.65418619789753
16159,2024-02-27 07:00:00,81.16594821255369
16160,2024-02-27 08:00:00,78.69508127704965
16161,2024-02-27 09:00:00,76.24718141650328
16162,2024-02-27 10:00:00,73.82784465603233
16163,2024-02-27 11:00:00,71.44266702075467
16164,2024-02-27 12:00:00,69.09724453578806
16165,2024-02-27 13:00:00,66.79717322625032
16166,2024-02-27 14:00:00,64.54804911725925
16167,2024-02-27 15:00:00,62.35546823393266
16168,2024-02-27 16:00:00,60.22502660138838
16169,2024-02-27 17:00:00,58.16232024474418
16170,2024-02-27 18:00:00,56.17294518911789
16171,2024-02-27 19:00:00,54.26249745962732
16172,2024-02-27 20:00:00,52.43657308139026
16173,2024-02-27 21:00:00,50.700768079524515
16174,2024-02-27 22:00:00,49.06067847914791
16175,2024-02-27 23:00:00,47.52190030537825
16176,2024-02-28 00:00:00,46.09002958333334
16177,2024-02-28 01:00:00,44.76937485535986
16178,2024-02-28 02:00:00,43.559094732720006
16179,2024-02-28 03:00:00,42.45706034390487
16180,2024-02-28 04:00:00,41.46114281740552
16181,2024-02-28 05:00:00,40.56921328171306
16182,2024-02-28 06:00:00,39.77914286531855
16183,2024-02-28 07:00:00,39.08880269671308
16184,2024-02-28 08:00:00,38.496063904387725
16185,2024-02-28 09:00:00,37.99879761683356
16186,2024-02-28 10:00:00,37.594874962541695
16187,2024-02-28 11:00:00,37.282167070003176
16188,2024-02-28 12:00:00,37.058545067709105
16189,2024-02-28 13:00:00,36.92188008415055
16190,2024-02-28 14:00:00,36.8700432478186
16191,2024-02-28 15:00:00,36.90090568720433
16192,2024-02-28 16:00:00,37.012338530798836
16193,2024-02-28 17:00:00,37.20221290709318
16194,2024-02-28 18:00:00,37.468399944578444
16195,2024-02-28 19:00:00,37.80877077174571
16196,2024-02-28 20:00:00,38.22119651708608
16197,2024-02-28 21:00:00,38.7035483090906
16198,2024-02-28 22:00:00,39.25369727625038
16199,2024-02-28 23:00:00,39.86951454705649
16200,2024-02-29 00:00:00,40.54887125
16201,2024-02-29 01:00:00,41.28874614953685
16202,2024-02-29 02:00:00,42.08254855398233
16203,2024-02-29 03:00:00,42.922795407616576
16204,2024-02-29 04:00:00,43.80200365471972
16205,2024-02-29 05:00:00,44.71269023957192
16206,2024-02-29 06:00:00,45.6473721064533
16207,2024-02-29 07:00:00,46.598566199644004
16208,2024-02-29 08:00:00,47.55878946342417
16209,2024-02-29 09:00:00,48.52055884207393
16210,2024-02-29 10:00:00,49.47639127987343
16211,2024-02-29 11:00:00,50.41880372110281
16212,2024-02-29 12:00:00,51.34031311004221
16213,2024-02-29 13:00:00,52.23343639097176
16214,2024-02-29 14:00:00,53.090690508171605
16215,2024-02-29 15:00:00,53.904592405921875
16216,2024-02-29 16:00:00,54.667659028502726
16217,2024-02-29 17:00:00,55.372407320194284
16218,2024-02-29 18:00:00,56.01135422527668
16219,2024-02-29 19:00:00,56.577016688030064
16220,2024-02-29 20:00:00,57.06191165273458
16221,2024-02-29 21:00:00,57.458556063670365
16222,2024-02-29 22:00:00,57.75946686511754
16223,2024-02-29 23:00:00,57.957161001356255
16224,2024-03-01 00:00:00,58.04415541666666
16225,2024-03-01 01:00:00,58.01583559107102
16226,2024-03-01 02:00:00,57.87906114756018
16227,2024-03-01 03:00:00,57.643560244867125
16228,2024-03-01 04:00:00,57.319061041724844
16229,2024-03-01 05:00:00,56.91529169686629
16230,2024-03-01 06:00:00,56.44198036902449
16231,2024-03-01 07:00:00,55.908855216932395
16232,2024-03-01 08:00:00,55.32564439932299
16233,2024-03-01 09:00:00,54.70207607492927
16234,2024-03-01 10:00:00,54.04787840248422
16235,2024-03-01 11:00:00,53.37277954072081
16236,2024-03-01 12:00:00,52.686507648372036
16237,2024-03-01 13:00:00,51.99879088417086
16238,2024-03-01 14:00:00,51.31935740685028
16239,2024-03-01 15:00:00,50.65793537514328
16240,2024-03-01 16:00:00,50.02425294778285
16241,2024-03-01 17:00:00,49.428038283501934
16242,2024-03-01 18:00:00,48.87901954103356
16243,2024-03-01 19:00:00,48.38692487911069
16244,2024-03-01 20:00:00,47.96148245646631
16245,2024-03-01 21:00:00,47.6124204318334
16246,2024-03-01 22:00:00,47.34946696394495
16247,2024-03-01 23:00:00,47.18235021153393
16248,2024-03-02 00:00:00,47.12079833333333
16249,2024-03-02 01:00:00,47.17130072587691
16250,2024-03-02 02:00:00,47.32739173690154
16251,2024-03-02 03:00:00,47.579366951944856
16252,2024-03-02 04:00:00,47.9175219565445
16253,2024-03-02 05:00:00,48.3321523362381
16254,2024-03-02 06:00:00,48.813553676563316
16255,2024-03-02 07:00:00,49.35202156305778
16256,2024-03-02 08:00:00,49.937851581259146
16257,2024-03-02 09:00:00,50.56133931670503
16258,2024-03-02 10:00:00,51.212780354933095
16259,2024-03-02 11:00:00,51.88247028148098
16260,2024-03-02 12:00:00,52.560704681886314
16261,2024-03-02 13:00:00,53.237779141686744
16262,2024-03-02 14:00:00,53.90398924641992
16263,2024-03-02 15:00:00,54.54963058162347
16264,2024-03-02 16:00:00,55.164998732835045
16265,2024-03-02 17:00:00,55.74038928559228
16266,2024-03-02 18:00:00,56.26609782543282
16267,2024-03-02 19:00:00,56.7324199378943
16268,2024-03-02 20:00:00,57.129651208514375
16269,2024-03-02 21:00:00,57.448087222830665
16270,2024-03-02 22:00:00,57.67802356638084
16271,2024-03-02 23:00:00,57.809755824702506
16272,2024-03-03 00:00:00,57.83357958333334
16273,2024-03-03 01:00:00,57.74348704277181
16274,2024-03-03 02:00:00,57.54825686335988
16275,2024-03-03 03:00:00,57.26036432040033
16276,2024-03-03 04:00:00,56.892284689195954
16277,2024-03-03 05:00:00,56.45649324504955
16278,2024-03-03 06:00:00,55.965465263263916
16279,2024-03-03 07:00:00,55.43167601914183
16280,2024-03-03 08:00:00,54.86760078798612
16281,2024-03-03 09:00:00,54.285714845099555
16282,2024-03-03 10:00:00,53.69849346578494
16283,2024-03-03 11:00:00,53.118411925345065
16284,2024-03-03 12:00:00,52.55794549908273
16285,2024-03-03 13:00:00,52.02956946230072
16286,2024-03-03 14:00:00,51.54575909030185
16287,2024-03-03 15:00:00,51.11898965838889
16288,2024-03-03 16:00:00,50.761736441864656
16289,2024-03-03 17:00:00,50.486474716031935
16290,2024-03-03 18:00:00,50.30567975619351
16291,2024-03-03 19:00:00,50.23182683765219
16292,2024-03-03 20:00:00,50.27739123571079
16293,2024-03-03 21:00:00,50.45484822567206
16294,2024-03-03 22:00:00,50.776673082838826
16295,2024-03-03 23:00:00,51.25534108251388
16296,2024-03-04 00:00:00,51.9033275
16297,2024-03-04 01:00:00,52.72910702501333
16298,2024-03-04 02:00:00,53.72515200492324
16299,2024-03-04 03:00:00,54.879934201512455
16300,2024-03-04 04:00:00,56.1819253765637
16301,2024-03-04 05:00:00,57.61959729185969
16302,2024-03-04 06:00:00,59.18142170918315
16303,2024-03-04 07:00:00,60.85587039031678
16304,2024-03-04 08:00:00,62.631415097043316
16305,2024-03-04 09:00:00,64.49652759114547
16306,2024-03-04 10:00:00,66.43967963440595
16307,2024-03-04 11:00:00,68.4493429886075
16308,2024-03-04 12:00:00,70.5139894155328
16309,2024-03-04 13:00:00,72.6220906769646
16310,2024-03-04 14:00:00,74.76211853468561
16311,2024-03-04 15:00:00,76.92254475047855
16312,2024-03-04 16:00:00,79.09184108612611
16313,2024-03-04 17:00:00,81.25847930341104
16314,2024-03-04 18:00:00,83.41093116411608
16315,2024-03-04 19:00:00,85.53766843002387
16316,2024-03-04 20:00:00,87.62716286291719
16317,2024-03-04 21:00:00,89.66788622457875
16318,2024-03-04 22:00:00,91.64831027679126
16319,2024-03-04 23:00:00,93.55690678133745
16320,2024-03-05 00:00:00,95.3821475
16321,2024-03-05 01:00:00,97.11481790450202
16322,2024-03-05 02:00:00,98.75495830632799
16323,2024-03-05 03:00:00,100.30492272690275
16324,2024-03-05 04:00:00,101.76706518765113
16325,2024-03-05 05:00:00,103.14373970999796
16326,2024-03-05 06:00:00,104.4373003153681
16327,2024-03-05 07:00:00,105.6501010251864
16328,2024-03-05 08:00:00,106.78449586087766
16329,2024-03-05 09:00:00,107.84283884386676
16330,2024-03-05 10:00:00,108.82748399557855
16331,2024-03-05 11:00:00,109.74078533743779
16332,2024-03-05 12:00:00,110.58509689086941
16333,2024-03-05 13:00:00,111.36277267729821
16334,2024-03-05 14:00:00,112.07616671814903
16335,2024-03-05 15:00:00,112.72763303484672
16336,2024-03-05 16:00:00,113.3195256488161
16337,2024-03-05 17:00:00,113.85419858148204
16338,2024-03-05 18:00:00,114.33400585426934
16339,2024-03-05 19:00:00,114.7613014886029
16340,2024-03-05 20:00:00,115.13843950590747
16341,2024-03-05 21:00:00,115.467773927608
16342,2024-03-05 22:00:00,115.75165877512926
16343,2024-03-05 23:00:00,115.99244806989608
16344,2024-03-06 00:00:00,116.19249583333334
16345,2024-03-06 01:00:00,116.35415608686586
16346,2024-03-06 02:00:00,116.47978285191849
16347,2024-03-06 03:00:00,116.57173014991605
16348,2024-03-06 04:00:00,116.6323520022834
16349,2024-03-06 05:00:00,116.66400243044538
16350,2024-03-06 06:00:00,116.66903545582682
16351,2024-03-06 07:00:00,116.64980509985256
16352,2024-03-06 08:00:00,116.60866538394744
16353,2024-03-06 09:00:00,116.5479703295363
16354,2024-03-06 10:00:00,116.47007395804401
16355,2024-03-06 11:00:00,116.37733029089534
16356,2024-03-06 12:00:00,116.2720933495152
16357,2024-03-06 13:00:00,116.15671715532842
16358,2024-03-06 14:00:00,116.03355572975978
16359,2024-03-06 15:00:00,115.9049630942342
16360,2024-03-06 16:00:00,115.77329327017647
16361,2024-03-06 17:00:00,115.64090027901143
16362,2024-03-06 18:00:00,115.51013814216395
16363,2024-03-06 19:00:00,115.38336088105885
16364,2024-03-06 20:00:00,115.26292251712096
16365,2024-03-06 21:00:00,115.15117707177514
16366,2024-03-06 22:00:00,115.05047856644622
16367,2024-03-06 23:00:00,114.96318102255907
16368,2024-03-07 00:00:00,114.89163846153846